logg	Teff	Z	L/HP	cLSM	dLSM	cPCM	dPCM	chi2	Type	Mod
 2.50	  1500	 0.0	 2.0	  1.7933	 -1.1724	  1.4236	 -0.5336	 0.0387	q	PD
 3.00	  1500	 0.0	 2.0	  1.5681	 -0.8954	  1.2703	 -0.3825	 0.0444	q	PD
 3.50	  1500	 0.0	 2.0	  1.6325	 -0.9887	  1.3941	 -0.5745	 0.0699	q	PD
 4.00	  1500	 0.0	 2.0	  1.7819	 -1.1679	  1.6637	 -0.9373	 0.1597	q	PD
 4.50	  1500	 0.0	 2.0	  2.9884	 -2.8550	  2.7009	 -2.2863	 0.3239	q	PD
 5.00	  1500	 0.0	 2.0	  2.5634	 -2.2460	  2.2697	 -1.7151	 0.1730	q	PD
 5.50	  1500	 0.0	 2.0	  1.6675	 -1.0134	  1.8645	 -1.2626	 0.3031	q	PD
 2.50	  1600	 0.0	 2.0	  1.4883	 -0.7650	  1.1823	 -0.2305	 0.0474	q	PD
 3.00	  1600	 0.0	 2.0	  1.3343	 -0.5595	  1.0756	 -0.1178	 0.0116	q	PD
 3.50	  1600	 0.0	 2.0	  1.4172	 -0.6853	  1.1835	 -0.2883	 0.0181	q	PD
 4.00	  1600	 0.0	 2.0	  1.4201	 -0.6911	  1.2247	 -0.3622	 0.0229	q	PD
 4.50	  1600	 0.0	 2.0	  1.5079	 -0.8093	  1.4035	 -0.6192	 0.0911	q	PD
 5.00	  1600	 0.0	 2.0	  1.4957	 -0.7955	  1.4425	 -0.6855	 0.1189	q	PD
 5.50	  1600	 0.0	 2.0	  1.5550	 -0.8658	  1.6060	 -0.9093	 0.1904	q	PD
 2.50	  1700	 0.0	 2.0	  1.1631	 -0.3270	  0.9098	  0.1171	 0.0517	q	PD
 3.00	  1700	 0.0	 2.0	  1.2288	 -0.4276	  0.9903	 -0.0162	 0.0318	q	PD
 3.50	  1700	 0.0	 2.0	  1.2686	 -0.4943	  1.0626	 -0.1402	 0.0254	q	PD
 4.00	  1700	 0.0	 2.0	  1.2672	 -0.5015	  1.0972	 -0.2118	 0.0190	q	PD
 4.50	  1700	 0.0	 2.0	  1.1735	 -0.3831	  1.0382	 -0.1573	 0.0107	q	PD
 5.00	  1700	 0.0	 2.0	  1.2033	 -0.4189	  1.0849	 -0.2227	 0.0247	q	PD
 5.50	  1700	 0.0	 2.0	  1.3368	 -0.5842	  1.2802	 -0.4793	 0.0853	q	PD
 2.50	  1800	 0.0	 2.0	  1.1928	 -0.3573	  0.9250	  0.1054	 0.0422	q	PD
 3.00	  1800	 0.0	 2.0	  1.0777	 -0.2201	  0.8836	  0.1204	 0.0570	q	PD
 3.50	  1800	 0.0	 2.0	  1.1027	 -0.2901	  0.9150	  0.0358	 0.0432	q	PD
 4.00	  1800	 0.0	 2.0	  1.1081	 -0.3076	  0.9663	 -0.0601	 0.0406	q	PD
 4.50	  1800	 0.0	 2.0	  1.1477	 -0.3605	  1.0416	 -0.1748	 0.0292	q	PD
 5.00	  1800	 0.0	 2.0	  1.1043	 -0.3061	  1.0076	 -0.1413	 0.0144	q	PD
 5.50	  1800	 0.0	 2.0	  1.0953	 -0.2923	  1.0164	 -0.1586	 0.0247	q	PD
 2.50	  1900	 0.0	 2.0	  1.0780	 -0.2347	  0.7741	  0.2882	 0.0594	q	PD
 3.00	  1900	 0.0	 2.0	  1.0917	 -0.2448	  0.8553	  0.1583	 0.0302	q	PD
 3.50	  1900	 0.0	 2.0	  1.1506	 -0.3623	  0.9523	 -0.0170	 0.0561	q	PD
 4.00	  1900	 0.0	 2.0	  1.1873	 -0.4277	  1.0492	 -0.1792	 0.0758	q	PD
 4.50	  1900	 0.0	 2.0	  1.0429	 -0.2457	  0.9592	 -0.0914	 0.0603	q	PD
 5.00	  1900	 0.0	 2.0	  1.0180	 -0.2051	  0.9456	 -0.0759	 0.0316	q	PD
 5.50	  1900	 0.0	 2.0	  0.9564	 -0.1267	  0.8895	 -0.0116	 0.0127	q	PD
 2.50	  2000	 0.0	 2.0	  0.9810	 -0.0964	  0.6708	  0.4293	 0.0518	q	PD
 3.00	  2000	 0.0	 2.0	  1.0692	 -0.2336	  0.7959	  0.2279	 0.0400	q	PD
 3.50	  2000	 0.0	 2.0	  1.0496	 -0.2139	  0.8441	  0.1340	 0.0264	q	PD
 4.00	  2000	 0.0	 2.0	  1.0801	 -0.2670	  0.9119	  0.0169	 0.0242	q	PD
 4.50	  2000	 0.0	 2.0	  1.1205	 -0.3280	  0.9970	 -0.1172	 0.0355	q	PD
 5.00	  2000	 0.0	 2.0	  1.0259	 -0.2192	  0.9506	 -0.0849	 0.0436	q	PD
 5.50	  2000	 0.0	 2.0	  0.9049	 -0.0714	  0.8469	  0.0313	 0.0265	q	PD
 2.50	  2100	 0.0	 2.0	  0.8698	  0.0354	  0.5264	  0.6131	 0.0582	q	PD
 3.00	  2100	 0.0	 2.0	  0.9852	 -0.1181	  0.7031	  0.3517	 0.0476	q	PD
 3.50	  2100	 0.0	 2.0	  1.1373	 -0.3296	  0.9013	  0.0656	 0.0352	q	PD
 4.00	  2100	 0.0	 2.0	  1.0657	 -0.2385	  0.8920	  0.0508	 0.0236	q	PD
 4.50	  2100	 0.0	 2.0	  1.0598	 -0.2496	  0.9144	 -0.0070	 0.0263	q	PD
 5.00	  2100	 0.0	 2.0	  1.0037	 -0.1874	  0.8973	 -0.0094	 0.0319	q	PD
 5.50	  2100	 0.0	 2.0	  0.9035	 -0.0646	  0.8297	  0.0600	 0.0232	q	PD
 2.50	  2200	 0.0	 2.0	  0.6549	  0.3606	  0.4003	  0.7866	 0.0701	q	PD
 3.00	  2200	 0.0	 2.0	  0.6727	  0.3124	  0.4482	  0.6826	 0.0577	q	PD
 3.50	  2200	 0.0	 2.0	  0.9802	 -0.1186	  0.7362	  0.2812	 0.0512	q	PD
 4.00	  2200	 0.0	 2.0	  1.0286	 -0.1766	  0.8452	  0.1224	 0.0360	q	PD
 4.50	  2200	 0.0	 2.0	  0.9718	 -0.1137	  0.8155	  0.1396	 0.0329	q	PD
 5.00	  2200	 0.0	 2.0	  0.9912	 -0.1672	  0.8695	  0.0320	 0.0267	q	PD
 5.50	  2200	 0.0	 2.0	  0.9219	 -0.0910	  0.8329	  0.0563	 0.0311	q	PD
 2.50	  2300	 0.0	 2.0	  0.5124	  0.6035	  0.3586	  0.8589	 0.0768	q	PD
 3.00	  2300	 0.0	 2.0	  0.6392	  0.3751	  0.4172	  0.7362	 0.0879	q	PD
 3.50	  2300	 0.0	 2.0	  0.6680	  0.3338	  0.4880	  0.6194	 0.0846	q	PD
 4.00	  2300	 0.0	 2.0	  0.8952	  0.0066	  0.7024	  0.3140	 0.0670	q	PD
 4.50	  2300	 0.0	 2.0	  0.8337	  0.0860	  0.6860	  0.3206	 0.0519	q	PD
 5.00	  2300	 0.0	 2.0	  0.8161	  0.0769	  0.6918	  0.2731	 0.0451	q	PD
 5.50	  2300	 0.0	 2.0	  0.7793	  0.0979	  0.6749	  0.2636	 0.0315	q	PD
 2.50	  2400	 0.0	 2.0	  0.1087	  1.2544	  0.2319	  1.0495	 0.0125	q	PD
 3.00	  2400	 0.0	 2.0	  0.2776	  0.9216	  0.2205	  1.0120	 0.0488	q	PD
 3.50	  2400	 0.0	 2.0	  0.4066	  0.7148	  0.3132	  0.8587	 0.0670	q	PD
 4.00	  2400	 0.0	 2.0	  0.5065	  0.5594	  0.4001	  0.7236	 0.0626	q	PD
 4.50	  2400	 0.0	 2.0	  0.6901	  0.2994	  0.5594	  0.5005	 0.0725	q	PD
 5.00	  2400	 0.0	 2.0	  0.6433	  0.3249	  0.5382	  0.4861	 0.0568	q	PD
 5.50	  2400	 0.0	 2.0	  0.7334	  0.1799	  0.6228	  0.3508	 0.0546	q	PD
 2.50	  2500	 0.0	 2.0	  0.0154	  1.4112	  0.1969	  1.1126	 0.0318	q	PD
 3.00	  2500	 0.0	 2.0	 -0.0320	  1.3857	  0.0611	  1.2315	 0.0309	q	PD
 3.50	  2500	 0.0	 2.0	  0.1070	  1.1403	  0.1103	  1.1291	 0.0314	q	PD
 4.00	  2500	 0.0	 2.0	  0.2849	  0.8696	  0.2287	  0.9510	 0.0563	q	PD
 4.50	  2500	 0.0	 2.0	  0.4005	  0.6911	  0.3235	  0.8049	 0.0633	q	PD
 5.00	  2500	 0.0	 2.0	  0.5097	  0.5243	  0.4252	  0.6510	 0.0567	q	PD
 5.50	  2500	 0.0	 2.0	  0.5841	  0.3974	  0.4970	  0.5291	 0.0539	q	PD
 2.50	  2600	 0.0	 2.0	  0.0222	  1.3964	  0.1872	  1.1290	 0.0395	q	PD
 3.00	  2600	 0.0	 2.0	 -0.0976	  1.4753	 -0.0004	  1.3154	 0.0199	q	PD
 3.50	  2600	 0.0	 2.0	 -0.1060	  1.4237	 -0.0597	  1.3443	 0.0167	q	PD
 4.00	  2600	 0.0	 2.0	  0.0220	  1.2173	  0.0185	  1.2147	 0.0399	q	PD
 4.50	  2600	 0.0	 2.0	  0.1683	  0.9990	  0.1305	  1.0494	 0.0554	q	PD
 5.00	  2600	 0.0	 2.0	  0.3169	  0.7825	  0.2579	  0.8681	 0.0537	q	PD
 5.50	  2600	 0.0	 2.0	  0.3924	  0.6602	  0.3332	  0.7468	 0.0474	q	PD
 2.50	  2700	 0.0	 2.0	 -0.1001	  1.5465	  0.0670	  1.2800	 0.0548	q	PD
 3.00	  2700	 0.0	 2.0	 -0.1495	  1.5400	 -0.0494	  1.3772	 0.0258	q	PD
 3.50	  2700	 0.0	 2.0	 -0.2507	  1.6044	 -0.1866	  1.4987	 0.0125	q	PD
 4.00	  2700	 0.0	 2.0	 -0.1931	  1.4835	 -0.1684	  1.4385	 0.0227	q	PD
 4.50	  2700	 0.0	 2.0	 -0.0544	  1.2758	 -0.0679	  1.2889	 0.0465	q	PD
 5.00	  2700	 0.0	 2.0	  0.0861	  1.0712	  0.0488	  1.1218	 0.0526	q	PD
 5.50	  2700	 0.0	 2.0	  0.2435	  0.8473	  0.1932	  0.9200	 0.0467	q	PD
 2.50	  2800	 0.0	 2.0	 -0.2063	  1.6790	 -0.0356	  1.4123	 0.0745	q	PD
 3.00	  2800	 0.0	 2.0	 -0.2057	  1.6032	 -0.1109	  1.4531	 0.0385	q	PD
 3.50	  2800	 0.0	 2.0	 -0.3523	  1.7185	 -0.2907	  1.6221	 0.0282	q	PD
 4.00	  2800	 0.0	 2.0	 -0.3386	  1.6410	 -0.3100	  1.5964	 0.0123	q	PD
 4.50	  2800	 0.0	 2.0	 -0.2280	  1.4691	 -0.2268	  1.4641	 0.0194	q	PD
 5.00	  2800	 0.0	 2.0	 -0.0881	  1.2694	 -0.1107	  1.2995	 0.0380	q	PD
 5.50	  2800	 0.0	 2.0	  0.0924	  1.0257	  0.0457	  1.0930	 0.0469	q	PD
 2.50	  2900	 0.0	 2.0	 -0.2953	  1.7838	 -0.1320	  1.5366	 0.1008	q	PD
 3.00	  2900	 0.0	 2.0	 -0.2781	  1.6788	 -0.1991	  1.5611	 0.0600	q	PD
 3.50	  2900	 0.0	 2.0	 -0.3866	  1.7491	 -0.3389	  1.6796	 0.0430	q	PD
 4.00	  2900	 0.0	 2.0	 -0.4058	  1.7057	 -0.3861	  1.6808	 0.0322	q	PD
 4.50	  2900	 0.0	 2.0	 -0.3546	  1.5872	 -0.3563	  1.5950	 0.0200	q	PD
 5.00	  2900	 0.0	 2.0	 -0.2418	  1.4272	 -0.2573	  1.4524	 0.0114	q	PD
 5.50	  2900	 0.0	 2.0	 -0.0540	  1.1782	 -0.0961	  1.2409	 0.0351	q	PD
 2.50	  3000	 0.0	 2.0	 -0.3631	  1.8595	 -0.2277	  1.6684	 0.1161	q	PD
 3.00	  3000	 0.0	 2.0	 -0.3517	  1.7512	 -0.3122	  1.7085	 0.0804	q	PD
 3.50	  3000	 0.0	 2.0	 -0.3976	  1.7404	 -0.3807	  1.7271	 0.0607	q	PD
 4.00	  3000	 0.0	 2.0	 -0.4120	  1.6655	 -0.4322	  1.7107	 0.0465	q	PD
 4.50	  3000	 0.0	 2.0	 -0.3832	  1.5894	 -0.4015	  1.6283	 0.0343	q	PD
 5.00	  3000	 0.0	 2.0	 -0.3351	  1.4945	 -0.3544	  1.5322	 0.0228	q	PD
 5.50	  3000	 0.0	 2.0	 -0.1924	  1.3125	 -0.2257	  1.3656	 0.0159	q	PD
 2.50	  1500	 0.0	 2.0	  1.5022	 -0.7537	  1.4236	 -0.5336	 0.2098	r	PD
 3.00	  1500	 0.0	 2.0	  1.3646	 -0.6018	  1.2703	 -0.3825	 0.1838	r	PD
 3.50	  1500	 0.0	 2.0	  1.4456	 -0.7116	  1.3941	 -0.5745	 0.1734	r	PD
 4.00	  1500	 0.0	 2.0	  1.5461	 -0.8098	  1.6637	 -0.9373	 0.2683	r	PD
 4.50	  1500	 0.0	 2.0	  2.0899	 -1.4350	  2.7009	 -2.2863	 0.5680	r	PD
 5.00	  1500	 0.0	 2.0	  1.9257	 -1.2423	  2.2697	 -1.7151	 0.4094	r	PD
 5.50	  1500	 0.0	 2.0	  1.4972	 -0.7530	  1.8645	 -1.2626	 0.3669	r	PD
 2.50	  1600	 0.0	 2.0	  1.3323	 -0.5636	  1.1823	 -0.2305	 0.1441	r	PD
 3.00	  1600	 0.0	 2.0	  1.2546	 -0.4630	  1.0756	 -0.1178	 0.1128	r	PD
 3.50	  1600	 0.0	 2.0	  1.3163	 -0.5440	  1.1835	 -0.2883	 0.1176	r	PD
 4.00	  1600	 0.0	 2.0	  1.3247	 -0.5524	  1.2247	 -0.3622	 0.1134	r	PD
 4.50	  1600	 0.0	 2.0	  1.3820	 -0.6198	  1.4035	 -0.6192	 0.1681	r	PD
 5.00	  1600	 0.0	 2.0	  1.3777	 -0.6169	  1.4425	 -0.6855	 0.1880	r	PD
 5.50	  1600	 0.0	 2.0	  1.4262	 -0.6695	  1.6060	 -0.9093	 0.2539	r	PD
 2.50	  1700	 0.0	 2.0	  1.1307	 -0.3259	  0.9098	  0.1171	 0.0883	r	PD
 3.00	  1700	 0.0	 2.0	  1.1887	 -0.3943	  0.9903	 -0.0162	 0.0783	r	PD
 3.50	  1700	 0.0	 2.0	  1.2207	 -0.4367	  1.0626	 -0.1402	 0.0779	r	PD
 4.00	  1700	 0.0	 2.0	  1.2170	 -0.4337	  1.0972	 -0.2118	 0.0751	r	PD
 4.50	  1700	 0.0	 2.0	  1.1392	 -0.3361	  1.0382	 -0.1573	 0.0648	r	PD
 5.00	  1700	 0.0	 2.0	  1.1586	 -0.3536	  1.0849	 -0.2227	 0.0765	r	PD
 5.50	  1700	 0.0	 2.0	  1.2638	 -0.4741	  1.2802	 -0.4793	 0.1358	r	PD
 2.50	  1800	 0.0	 2.0	  1.1677	 -0.3684	  0.9250	  0.1054	 0.0761	r	PD
 3.00	  1800	 0.0	 2.0	  1.0696	 -0.2417	  0.8836	  0.1204	 0.0690	r	PD
 3.50	  1800	 0.0	 2.0	  1.0816	 -0.2759	  0.9150	  0.0358	 0.0638	r	PD
 4.00	  1800	 0.0	 2.0	  1.0868	 -0.2855	  0.9663	 -0.0601	 0.0576	r	PD
 4.50	  1800	 0.0	 2.0	  1.1192	 -0.3227	  1.0416	 -0.1748	 0.0575	r	PD
 5.00	  1800	 0.0	 2.0	  1.0803	 -0.2729	  1.0076	 -0.1413	 0.0512	r	PD
 5.50	  1800	 0.0	 2.0	  1.0655	 -0.2487	  1.0164	 -0.1586	 0.0619	r	PD
 2.50	  1900	 0.0	 2.0	  0.9905	 -0.1496	  0.7741	  0.2882	 0.1435	r	PD
 3.00	  1900	 0.0	 2.0	  1.0654	 -0.2357	  0.8553	  0.1583	 0.0869	r	PD
 3.50	  1900	 0.0	 2.0	  1.1054	 -0.3105	  0.9523	 -0.0170	 0.0814	r	PD
 4.00	  1900	 0.0	 2.0	  1.1295	 -0.3486	  1.0492	 -0.1792	 0.0999	r	PD
 4.50	  1900	 0.0	 2.0	  1.0175	 -0.2131	  0.9592	 -0.0914	 0.0723	r	PD
 5.00	  1900	 0.0	 2.0	  1.0092	 -0.1956	  0.9456	 -0.0759	 0.0389	r	PD
 5.50	  1900	 0.0	 2.0	  0.9506	 -0.1204	  0.8895	 -0.0116	 0.0294	r	PD
 2.50	  2000	 0.0	 2.0	  0.9379	 -0.0834	  0.6708	  0.4293	 0.1477	r	PD
 3.00	  2000	 0.0	 2.0	  1.0086	 -0.1718	  0.7959	  0.2279	 0.1219	r	PD
 3.50	  2000	 0.0	 2.0	  1.0286	 -0.2011	  0.8441	  0.1340	 0.0724	r	PD
 4.00	  2000	 0.0	 2.0	  1.0492	 -0.2308	  0.9119	  0.0169	 0.0709	r	PD
 4.50	  2000	 0.0	 2.0	  1.0926	 -0.2914	  0.9970	 -0.1172	 0.0574	r	PD
 5.00	  2000	 0.0	 2.0	  1.0135	 -0.2042	  0.9506	 -0.0849	 0.0490	r	PD
 5.50	  2000	 0.0	 2.0	  0.9068	 -0.0768	  0.8469	  0.0313	 0.0257	r	PD
 2.50	  2100	 0.0	 2.0	  0.8221	  0.0543	  0.5264	  0.6131	 0.1906	r	PD
 3.00	  2100	 0.0	 2.0	  0.9669	 -0.1236	  0.7031	  0.3517	 0.1191	r	PD
 3.50	  2100	 0.0	 2.0	  1.0859	 -0.2691	  0.9013	  0.0656	 0.0954	r	PD
 4.00	  2100	 0.0	 2.0	  1.0509	 -0.2275	  0.8920	  0.0508	 0.0566	r	PD
 4.50	  2100	 0.0	 2.0	  1.0418	 -0.2287	  0.9144	 -0.0070	 0.0491	r	PD
 5.00	  2100	 0.0	 2.0	  0.9954	 -0.1788	  0.8973	 -0.0094	 0.0397	r	PD
 5.50	  2100	 0.0	 2.0	  0.9073	 -0.0731	  0.8297	  0.0600	 0.0217	r	PD
 2.50	  2200	 0.0	 2.0	  0.9309	 -0.1384	  0.4003	  0.7866	 0.1239	r	PD
 3.00	  2200	 0.0	 2.0	  0.7820	  0.1031	  0.4482	  0.6826	 0.1094	r	PD
 3.50	  2200	 0.0	 2.0	  0.9772	 -0.1352	  0.7362	  0.2812	 0.1026	r	PD
 4.00	  2200	 0.0	 2.0	  1.0372	 -0.2024	  0.8452	  0.1224	 0.0603	r	PD
 4.50	  2200	 0.0	 2.0	  0.9960	 -0.1584	  0.8155	  0.1396	 0.0420	r	PD
 5.00	  2200	 0.0	 2.0	  0.9874	 -0.1657	  0.8695	  0.0320	 0.0374	r	PD
 5.50	  2200	 0.0	 2.0	  0.9180	 -0.0877	  0.8329	  0.0563	 0.0361	r	PD
 2.50	  2300	 0.0	 2.0	  0.8784	 -0.0427	  0.3586	  0.8589	 0.1711	r	PD
 3.00	  2300	 0.0	 2.0	  0.9089	 -0.0886	  0.4172	  0.7362	 0.1505	r	PD
 3.50	  2300	 0.0	 2.0	  0.8503	  0.0240	  0.4880	  0.6194	 0.1330	r	PD
 4.00	  2300	 0.0	 2.0	  0.9302	 -0.0615	  0.7024	  0.3140	 0.0974	r	PD
 4.50	  2300	 0.0	 2.0	  0.8912	 -0.0112	  0.6860	  0.3206	 0.0688	r	PD
 5.00	  2300	 0.0	 2.0	  0.8547	  0.0126	  0.6918	  0.2731	 0.0570	r	PD
 5.50	  2300	 0.0	 2.0	  0.8011	  0.0614	  0.6749	  0.2636	 0.0382	r	PD
 2.50	  2400	 0.0	 2.0	  0.6646	  0.2934	  0.2319	  1.0495	 0.1893	r	PD
 3.00	  2400	 0.0	 2.0	  0.7052	  0.2031	  0.2205	  1.0120	 0.2043	r	PD
 3.50	  2400	 0.0	 2.0	  0.7069	  0.2174	  0.3132	  0.8587	 0.1769	r	PD
 4.00	  2400	 0.0	 2.0	  0.6941	  0.2500	  0.4001	  0.7236	 0.1281	r	PD
 4.50	  2400	 0.0	 2.0	  0.7715	  0.1640	  0.5594	  0.5005	 0.1039	r	PD
 5.00	  2400	 0.0	 2.0	  0.7172	  0.2054	  0.5382	  0.4861	 0.0845	r	PD
 5.50	  2400	 0.0	 2.0	  0.7738	  0.1147	  0.6228	  0.3508	 0.0691	r	PD
 2.50	  2500	 0.0	 2.0	  0.4729	  0.6005	  0.1969	  1.1126	 0.1290	r	PD
 3.00	  2500	 0.0	 2.0	  0.4139	  0.6286	  0.0611	  1.2315	 0.1633	r	PD
 3.50	  2500	 0.0	 2.0	  0.4469	  0.5755	  0.1103	  1.1291	 0.1663	r	PD
 4.00	  2500	 0.0	 2.0	  0.5222	  0.4806	  0.2287	  0.9510	 0.1477	r	PD
 4.50	  2500	 0.0	 2.0	  0.5616	  0.4301	  0.3235	  0.8049	 0.1284	r	PD
 5.00	  2500	 0.0	 2.0	  0.6078	  0.3664	  0.4252	  0.6510	 0.0964	r	PD
 5.50	  2500	 0.0	 2.0	  0.6477	  0.2962	  0.4970	  0.5291	 0.0819	r	PD
 2.50	  2600	 0.0	 2.0	  0.5170	  0.5053	  0.1872	  1.1290	 0.0836	r	PD
 3.00	  2600	 0.0	 2.0	  0.3372	  0.7236	 -0.0004	  1.3154	 0.1134	r	PD
 3.50	  2600	 0.0	 2.0	  0.1869	  0.9279	 -0.0597	  1.3443	 0.1019	r	PD
 4.00	  2600	 0.0	 2.0	  0.2538	  0.8335	  0.0185	  1.2147	 0.1156	r	PD
 4.50	  2600	 0.0	 2.0	  0.3433	  0.7142	  0.1305	  1.0494	 0.1189	r	PD
 5.00	  2600	 0.0	 2.0	  0.4359	  0.5907	  0.2579	  0.8681	 0.0993	r	PD
 5.50	  2600	 0.0	 2.0	  0.4742	  0.5294	  0.3332	  0.7468	 0.0825	r	PD
 2.50	  2700	 0.0	 2.0	  0.4384	  0.5771	  0.0670	  1.2800	 0.0826	r	PD
 3.00	  2700	 0.0	 2.0	  0.3052	  0.7522	 -0.0494	  1.3772	 0.1114	r	PD
 3.50	  2700	 0.0	 2.0	  0.1322	  0.9594	 -0.1866	  1.4987	 0.1273	r	PD
 4.00	  2700	 0.0	 2.0	  0.1028	  0.9949	 -0.1684	  1.4385	 0.1334	r	PD
 4.50	  2700	 0.0	 2.0	  0.1679	  0.9147	 -0.0679	  1.2889	 0.1364	r	PD
 5.00	  2700	 0.0	 2.0	  0.2264	  0.8454	  0.0488	  1.1218	 0.1086	r	PD
 5.50	  2700	 0.0	 2.0	  0.3317	  0.7061	  0.1932	  0.9200	 0.0818	r	PD
 2.50	  2800	 0.0	 2.0	  0.3377	  0.6924	 -0.0356	  1.4123	 0.0686	r	PD
 3.00	  2800	 0.0	 2.0	  0.2387	  0.8271	 -0.1109	  1.4531	 0.0908	r	PD
 3.50	  2800	 0.0	 2.0	  0.0536	  1.0313	 -0.2907	  1.6221	 0.1167	r	PD
 4.00	  2800	 0.0	 2.0	 -0.0288	  1.1268	 -0.3100	  1.5964	 0.1157	r	PD
 4.50	  2800	 0.0	 2.0	  0.0001	  1.0968	 -0.2268	  1.4641	 0.1172	r	PD
 5.00	  2800	 0.0	 2.0	  0.0733	  1.0094	 -0.1107	  1.2995	 0.1104	r	PD
 5.50	  2800	 0.0	 2.0	  0.1995	  0.8545	  0.0457	  1.0930	 0.0937	r	PD
 2.50	  2900	 0.0	 2.0	  0.2901	  0.7175	 -0.1320	  1.5366	 0.0616	r	PD
 3.00	  2900	 0.0	 2.0	  0.1826	  0.8681	 -0.1991	  1.5611	 0.0752	r	PD
 3.50	  2900	 0.0	 2.0	  0.0040	  1.0815	 -0.3389	  1.6796	 0.0898	r	PD
 4.00	  2900	 0.0	 2.0	 -0.0844	  1.1687	 -0.3861	  1.6808	 0.1004	r	PD
 4.50	  2900	 0.0	 2.0	 -0.1215	  1.2035	 -0.3563	  1.5950	 0.0895	r	PD
 5.00	  2900	 0.0	 2.0	 -0.0713	  1.1510	 -0.2573	  1.4524	 0.0926	r	PD
 5.50	  2900	 0.0	 2.0	  0.0675	  0.9837	 -0.0961	  1.2409	 0.0938	r	PD
 2.50	  3000	 0.0	 2.0	  0.1854	  0.8383	 -0.2277	  1.6684	 0.0622	r	PD
 3.00	  3000	 0.0	 2.0	  0.1254	  0.8996	 -0.3122	  1.7085	 0.0562	r	PD
 3.50	  3000	 0.0	 2.0	 -0.0098	  1.0710	 -0.3807	  1.7271	 0.0682	r	PD
 4.00	  3000	 0.0	 2.0	 -0.1175	  1.1710	 -0.4322	  1.7107	 0.0769	r	PD
 4.50	  3000	 0.0	 2.0	 -0.1638	  1.2269	 -0.4015	  1.6283	 0.0718	r	PD
 5.00	  3000	 0.0	 2.0	 -0.1776	  1.2379	 -0.3544	  1.5322	 0.0652	r	PD
 5.50	  3000	 0.0	 2.0	 -0.0682	  1.1133	 -0.2257	  1.3656	 0.0811	r	PD
 2.50	  2300	 0.0	 2.0	 -0.3458	  1.6302	 -0.3914	  1.7278	 0.0889	q	PC
 3.00	  2300	 0.0	 2.0	 -0.2071	  1.4050	 -0.2600	  1.5061	 0.0624	q	PC
 3.50	  2300	 0.0	 2.0	 -0.0561	  1.1949	 -0.1114	  1.2935	 0.0357	q	PC
 4.00	  2300	 0.0	 2.0	  0.0722	  1.0351	  0.0262	  1.1112	 0.0127	q	PC
 4.50	  2300	 0.0	 2.0	  0.1540	  0.9158	  0.0943	  1.0109	 0.0230	q	PC
 5.00	  2300	 0.0	 2.0	  0.2120	  0.8206	  0.1612	  0.9004	 0.0236	q	PC
 5.50	  2300	 0.0	 2.0	  0.1591	  0.8408	  0.1075	  0.9222	 0.0238	q	PC
 6.00	  2300	 0.0	 2.0	  0.1347	  0.8530	  0.0891	  0.9239	 0.0237	q	PC
 2.50	  2400	 0.0	 2.0	 -0.4127	  1.6853	 -0.4914	  1.8418	 0.1028	q	PC
 3.00	  2400	 0.0	 2.0	 -0.2961	  1.4877	 -0.3718	  1.6295	 0.0706	q	PC
 3.50	  2400	 0.0	 2.0	 -0.1770	  1.3331	 -0.2272	  1.4257	 0.0459	q	PC
 4.00	  2400	 0.0	 2.0	 -0.0336	  1.1598	 -0.0715	  1.2240	 0.0159	q	PC
 4.50	  2400	 0.0	 2.0	  0.0951	  1.0074	  0.0493	  1.0786	 0.0233	q	PC
 5.00	  2400	 0.0	 2.0	  0.1074	  0.9773	  0.0628	  1.0435	 0.0375	q	PC
 5.50	  2400	 0.0	 2.0	  0.1247	  0.9248	  0.0750	  0.9991	 0.0363	q	PC
 6.00	  2400	 0.0	 2.0	  0.1126	  0.9080	  0.0668	  0.9769	 0.0305	q	PC
 2.50	  2500	 0.0	 2.0	 -0.4539	  1.7067	 -0.5759	  1.9396	 0.1191	q	PC
 3.00	  2500	 0.0	 2.0	 -0.3679	  1.5385	 -0.4832	  1.7501	 0.0832	q	PC
 3.50	  2500	 0.0	 2.0	 -0.2820	  1.4298	 -0.3480	  1.5519	 0.0602	q	PC
 4.00	  2500	 0.0	 2.0	 -0.1642	  1.2958	 -0.1997	  1.3597	 0.0295	q	PC
 4.50	  2500	 0.0	 2.0	 -0.0352	  1.1552	 -0.0693	  1.2100	 0.0127	q	PC
 5.00	  2500	 0.0	 2.0	  0.0900	  1.0096	  0.0515	  1.0655	 0.0364	q	PC
 5.50	  2500	 0.0	 2.0	  0.0422	  1.0522	  0.0046	  1.1057	 0.0459	q	PC
 6.00	  2500	 0.0	 2.0	  0.0607	  0.9930	  0.0192	  1.0536	 0.0364	q	PC
 2.50	  2600	 0.0	 2.0	 -0.4633	  1.7032	 -0.6115	  1.9831	 0.1343	q	PC
 3.00	  2600	 0.0	 2.0	 -0.4074	  1.5515	 -0.5699	  1.8452	 0.0936	q	PC
 3.50	  2600	 0.0	 2.0	 -0.3594	  1.4847	 -0.4591	  1.6670	 0.0757	q	PC
 4.00	  2600	 0.0	 2.0	 -0.2756	  1.3933	 -0.3242	  1.4834	 0.0483	q	PC
 4.50	  2600	 0.0	 2.0	 -0.1789	  1.3072	 -0.2026	  1.3489	 0.0172	q	PC
 5.00	  2600	 0.0	 2.0	 -0.0740	  1.2007	 -0.0940	  1.2296	 0.0211	q	PC
 5.50	  2600	 0.0	 2.0	  0.0409	  1.0654	  0.0053	  1.1147	 0.0467	q	PC
 6.00	  2600	 0.0	 2.0	  0.0971	  0.9846	  0.0548	  1.0436	 0.0531	q	PC
 2.50	  2700	 0.0	 2.0	 -0.4400	  1.6684	 -0.6145	  1.9939	 0.1318	q	PC
 3.00	  2700	 0.0	 2.0	 -0.4265	  1.5524	 -0.6241	  1.9076	 0.1027	q	PC
 3.50	  2700	 0.0	 2.0	 -0.3983	  1.4900	 -0.5408	  1.7465	 0.0868	q	PC
 4.00	  2700	 0.0	 2.0	 -0.3461	  1.4313	 -0.4229	  1.5723	 0.0656	q	PC
 4.50	  2700	 0.0	 2.0	 -0.2940	  1.3997	 -0.3232	  1.4560	 0.0429	q	PC
 5.00	  2700	 0.0	 2.0	 -0.2167	  1.3436	 -0.2268	  1.3614	 0.0099	q	PC
 5.50	  2700	 0.0	 2.0	 -0.1264	  1.2532	 -0.1394	  1.2701	 0.0251	q	PC
 6.00	  2700	 0.0	 2.0	 -0.0751	  1.2101	 -0.0503	  1.1646	 0.0204	q	PC
 2.50	  2800	 0.0	 2.0	 -0.4022	  1.6325	 -0.5789	  1.9625	 0.1284	q	PC
 3.00	  2800	 0.0	 2.0	 -0.4409	  1.5676	 -0.6524	  1.9482	 0.1150	q	PC
 3.50	  2800	 0.0	 2.0	 -0.4205	  1.4870	 -0.6007	  1.8088	 0.0956	q	PC
 4.00	  2800	 0.0	 2.0	 -0.3845	  1.4311	 -0.4989	  1.6377	 0.0787	q	PC
 4.50	  2800	 0.0	 2.0	 -0.3525	  1.4142	 -0.4070	  1.5170	 0.0644	q	PC
 5.00	  2800	 0.0	 2.0	 -0.2988	  1.3835	 -0.3153	  1.4184	 0.0392	q	PC
 5.50	  2800	 0.0	 2.0	 -0.2337	  1.3348	 -0.2354	  1.3401	 0.0137	q	PC
 2.50	  2900	 0.0	 2.0	 -0.3780	  1.6299	 -0.5103	  1.8852	 0.1447	q	PC
 3.00	  2900	 0.0	 2.0	 -0.4236	  1.5468	 -0.6392	  1.9344	 0.1136	q	PC
 3.50	  2900	 0.0	 2.0	 -0.4187	  1.4638	 -0.6265	  1.8327	 0.0960	q	PC
 4.00	  2900	 0.0	 2.0	 -0.3920	  1.3998	 -0.5354	  1.6562	 0.0842	q	PC
 4.50	  2900	 0.0	 2.0	 -0.3726	  1.3847	 -0.4542	  1.5351	 0.0754	q	PC
 5.00	  2900	 0.0	 2.0	 -0.3423	  1.3753	 -0.3746	  1.4405	 0.0610	q	PC
 5.50	  2900	 0.0	 2.0	 -0.2957	  1.3583	 -0.3005	  1.3741	 0.0405	q	PC
 6.00	  2900	 0.0	 2.0	 -0.2186	  1.2998	 -0.2198	  1.3040	 0.0120	q	PC
 2.50	  3000	 0.0	 2.0	 -0.2764	  1.5166	 -0.4068	  1.7659	 0.1162	q	PC
 3.00	  3000	 0.0	 2.0	 -0.3910	  1.5129	 -0.5910	  1.8729	 0.1112	q	PC
 3.50	  3000	 0.0	 2.0	 -0.4095	  1.4438	 -0.6126	  1.8048	 0.1017	q	PC
 4.00	  3000	 0.0	 2.0	 -0.3874	  1.3656	 -0.5485	  1.6523	 0.0875	q	PC
 4.50	  3000	 0.0	 2.0	 -0.3752	  1.3446	 -0.4845	  1.5426	 0.0818	q	PC
 5.50	  3000	 0.0	 2.0	 -0.3224	  1.3287	 -0.3377	  1.3654	 0.0620	q	PC
 6.00	  3000	 0.0	 2.0	 -0.2705	  1.3019	 -0.2681	  1.3050	 0.0388	q	PC
 2.50	  3100	 0.0	 2.0	 -0.1345	  1.3660	 -0.2341	  1.5610	 0.1073	q	PC
 3.00	  3100	 0.0	 2.0	 -0.3579	  1.4884	 -0.5394	  1.8172	 0.1095	q	PC
 3.50	  3100	 0.0	 2.0	 -0.3924	  1.4261	 -0.6010	  1.7969	 0.1016	q	PC
 4.00	  3100	 0.0	 2.0	 -0.3807	  1.3448	 -0.5556	  1.6554	 0.0917	q	PC
 4.50	  3100	 0.0	 2.0	 -0.3664	  1.3028	 -0.4986	  1.5396	 0.0842	q	PC
 5.00	  3100	 0.0	 2.0	 -0.3494	  1.2839	 -0.4230	  1.4211	 0.0784	q	PC
 5.50	  3100	 0.0	 2.0	 -0.3295	  1.2836	 -0.3605	  1.3482	 0.0732	q	PC
 6.00	  3100	 0.0	 2.0	 -0.3006	  1.2816	 -0.3048	  1.2991	 0.0605	q	PC
 2.50	  3200	 0.0	 2.0	 -0.1543	  1.3569	 -0.2870	  1.6135	 0.1453	q	PC
 3.00	  3200	 0.0	 2.0	 -0.2906	  1.4251	 -0.4604	  1.7345	 0.1059	q	PC
 3.50	  3200	 0.0	 2.0	 -0.3610	  1.3977	 -0.5782	  1.7836	 0.1005	q	PC
 4.00	  3200	 0.0	 2.0	 -0.3592	  1.3147	 -0.5551	  1.6608	 0.0909	q	PC
 4.50	  3200	 0.0	 2.0	 -0.3548	  1.2694	 -0.5084	  1.5424	 0.0858	q	PC
 5.00	  3200	 0.0	 2.0	 -0.3397	  1.2381	 -0.4344	  1.4105	 0.0798	q	PC
 5.50	  3200	 0.0	 2.0	 -0.3256	  1.2340	 -0.3751	  1.3301	 0.0767	q	PC
 6.00	  3200	 0.0	 2.0	 -0.3024	  1.2348	 -0.3193	  1.2743	 0.0677	q	PC
 2.50	  3300	 0.0	 2.0	 -0.1221	  1.2932	 -0.3119	  1.6525	 0.1597	q	PC
 3.00	  3300	 0.0	 2.0	 -0.2013	  1.3125	 -0.3918	  1.6593	 0.1185	q	PC
 3.50	  3300	 0.0	 2.0	 -0.3157	  1.3510	 -0.5309	  1.7347	 0.1104	q	PC
 4.00	  3300	 0.0	 2.0	 -0.3247	  1.2707	 -0.5361	  1.6427	 0.0897	q	PC
 4.50	  3300	 0.0	 2.0	 -0.3293	  1.2260	 -0.5028	  1.5317	 0.0817	q	PC
 5.00	  3300	 0.0	 2.0	 -0.3245	  1.1969	 -0.4414	  1.4063	 0.0777	q	PC
 5.50	  3300	 0.0	 2.0	 -0.3142	  1.1858	 -0.3832	  1.3137	 0.0741	q	PC
 6.00	  3300	 0.0	 2.0	 -0.3058	  1.1967	 -0.3370	  1.2603	 0.0701	q	PC
 2.50	  3400	 0.0	 2.0	 -0.0980	  1.2371	 -0.3292	  1.6721	 0.1962	q	PC
 3.00	  3400	 0.0	 2.0	 -0.1076	  1.1484	 -0.3691	  1.6185	 0.1454	q	PC
 3.50	  3400	 0.0	 2.0	 -0.2194	  1.2168	 -0.4693	  1.6582	 0.1017	q	PC
 4.00	  3400	 0.0	 2.0	 -0.2774	  1.2092	 -0.5014	  1.6017	 0.0878	q	PC
 4.50	  3400	 0.0	 2.0	 -0.3017	  1.1851	 -0.4888	  1.5129	 0.0786	q	PC
 5.00	  3400	 0.0	 2.0	 -0.3073	  1.1602	 -0.4438	  1.4015	 0.0732	q	PC
 5.50	  3400	 0.0	 2.0	 -0.3065	  1.1519	 -0.3899	  1.3034	 0.0703	q	PC
 6.00	  3400	 0.0	 2.0	 -0.3095	  1.1686	 -0.3530	  1.2527	 0.0691	q	PC
 2.50	  3500	 0.0	 2.0	  0.0235	  1.0342	 -0.3110	  1.6454	 0.1858	q	PC
 3.00	  3500	 0.0	 2.0	  0.0498	  0.9175	 -0.2830	  1.5074	 0.1289	q	PC
 3.50	  3500	 0.0	 2.0	 -0.1153	  1.0664	 -0.4019	  1.5697	 0.1044	q	PC
 4.00	  3500	 0.0	 2.0	 -0.2138	  1.1198	 -0.4609	  1.5500	 0.0800	q	PC
 4.50	  3500	 0.0	 2.0	 -0.2667	  1.1343	 -0.4710	  1.4898	 0.0721	q	PC
 5.00	  3500	 0.0	 2.0	 -0.2879	  1.1246	 -0.4402	  1.3914	 0.0675	q	PC
 5.50	  3500	 0.0	 2.0	 -0.3006	  1.1251	 -0.3962	  1.2962	 0.0662	q	PC
 6.00	  3500	 0.0	 2.0	 -0.3104	  1.1419	 -0.3639	  1.2426	 0.0681	q	PC
 2.50	  3600	 0.0	 2.0	  0.1140	  0.9002	 -0.2649	  1.5869	 0.1924	q	PC
 3.00	  3600	 0.0	 2.0	  0.2228	  0.6697	 -0.1765	  1.3710	 0.1185	q	PC
 3.50	  3600	 0.0	 2.0	  0.0188	  0.8812	 -0.3118	  1.4571	 0.0857	q	PC
 4.00	  3600	 0.0	 2.0	 -0.1402	  1.0219	 -0.4065	  1.4832	 0.0711	q	PC
 4.50	  3600	 0.0	 2.0	 -0.2280	  1.0810	 -0.4482	  1.4618	 0.0639	q	PC
 5.00	  3600	 0.0	 2.0	 -0.2675	  1.0912	 -0.4336	  1.3800	 0.0605	q	PC
 5.50	  3600	 0.0	 2.0	 -0.2907	  1.0997	 -0.3969	  1.2877	 0.0605	q	PC
 6.00	  3600	 0.0	 2.0	 -0.3137	  1.1253	 -0.3756	  1.2399	 0.0657	q	PC
 2.50	  3700	 0.0	 2.0	  0.1970	  0.7851	 -0.2175	  1.5302	 0.1738	q	PC
 3.00	  3700	 0.0	 2.0	  0.3199	  0.5330	 -0.1139	  1.2925	 0.1063	q	PC
 3.50	  3700	 0.0	 2.0	  0.1556	  0.7057	 -0.1983	  1.3196	 0.0771	q	PC
 4.00	  3700	 0.0	 2.0	 -0.0537	  0.9158	 -0.3320	  1.3960	 0.0623	q	PC
 4.50	  3700	 0.0	 2.0	 -0.1884	  1.0315	 -0.4181	  1.4273	 0.0575	q	PC
 5.00	  3700	 0.0	 2.0	 -0.2510	  1.0677	 -0.4260	  1.3705	 0.0547	q	PC
 5.50	  3700	 0.0	 2.0	 -0.2820	  1.0788	 -0.3970	  1.2807	 0.0550	q	PC
 6.00	  3700	 0.0	 2.0	 -0.3110	  1.1076	 -0.3802	  1.2340	 0.0618	q	PC
 2.50	  3800	 0.0	 2.0	  0.2675	  0.6824	 -0.1967	  1.5086	 0.1174	q	PC
 3.00	  3800	 0.0	 2.0	  0.3576	  0.4870	 -0.0884	  1.2652	 0.0893	q	PC
 3.50	  3800	 0.0	 2.0	  0.2612	  0.5789	 -0.1002	  1.2044	 0.0691	q	PC
 4.00	  3800	 0.0	 2.0	  0.0435	  0.8069	 -0.2349	  1.2863	 0.0566	q	PC
 4.50	  3800	 0.0	 2.0	 -0.1399	  0.9778	 -0.3727	  1.3780	 0.0516	q	PC
 5.00	  3800	 0.0	 2.0	 -0.2299	  1.0390	 -0.4126	  1.3540	 0.0495	q	PC
 5.50	  3800	 0.0	 2.0	 -0.2742	  1.0623	 -0.3948	  1.2731	 0.0509	q	PC
 6.00	  3800	 0.0	 2.0	 -0.3061	  1.0886	 -0.3818	  1.2254	 0.0585	q	PC
 2.50	  3900	 0.0	 2.0	  0.2203	  0.7632	 -0.2080	  1.5276	 0.1214	q	PC
 3.00	  3900	 0.0	 2.0	  0.3624	  0.4825	 -0.0946	  1.2772	 0.0704	q	PC
 3.50	  3900	 0.0	 2.0	  0.3707	  0.4345	 -0.0186	  1.1045	 0.0560	q	PC
 4.00	  3900	 0.0	 2.0	  0.1424	  0.6849	 -0.1472	  1.1822	 0.0500	q	PC
 4.50	  3900	 0.0	 2.0	 -0.0712	  0.8987	 -0.3074	  1.3038	 0.0454	q	PC
 5.00	  3900	 0.0	 2.0	 -0.2021	  1.0101	 -0.3860	  1.3266	 0.0461	q	PC
 5.50	  3900	 0.0	 2.0	 -0.2602	  1.0397	 -0.3856	  1.2579	 0.0476	q	PC
 6.00	  3900	 0.0	 2.0	 -0.2975	  1.0675	 -0.3791	  1.2138	 0.0550	q	PC
 2.50	  4000	 0.0	 2.0	  0.1990	  0.7868	 -0.2419	  1.5715	 0.0978	q	PC
 3.00	  4000	 0.0	 2.0	  0.3204	  0.5459	 -0.1196	  1.3115	 0.0717	q	PC
 3.50	  4000	 0.0	 2.0	  0.3775	  0.4329	 -0.0003	  1.0842	 0.0601	q	PC
 4.00	  4000	 0.0	 2.0	  0.2317	  0.5830	 -0.0595	  1.0822	 0.0452	q	PC
 4.50	  4000	 0.0	 2.0	  0.0074	  0.8134	 -0.2238	  1.2101	 0.0448	q	PC
 5.00	  4000	 0.0	 2.0	 -0.1522	  0.9522	 -0.3387	  1.2728	 0.0436	q	PC
 5.50	  4000	 0.0	 2.0	 -0.2368	  1.0105	 -0.3648	  1.2328	 0.0449	q	PC
 6.00	  4000	 0.0	 2.0	 -0.2769	  1.0301	 -0.3666	  1.1892	 0.0500	q	PC
 2.50	  4100	 0.0	 2.0	  0.1798	  0.8013	 -0.2810	  1.6193	 0.0815	q	PC
 3.00	  4100	 0.0	 2.0	  0.2775	  0.6030	 -0.1543	  1.3549	 0.0724	q	PC
 3.50	  4100	 0.0	 2.0	  0.3375	  0.4869	 -0.0306	  1.1220	 0.0616	q	PC
 4.00	  4100	 0.0	 2.0	  0.3104	  0.4904	  0.0138	  0.9974	 0.0420	q	PC
 4.50	  4100	 0.0	 2.0	  0.1052	  0.7117	 -0.1202	  1.0976	 0.0387	q	PC
 5.00	  4100	 0.0	 2.0	 -0.0799	  0.8735	 -0.2667	  1.1941	 0.0401	q	PC
 5.50	  4100	 0.0	 2.0	 -0.1998	  0.9706	 -0.3280	  1.1930	 0.0433	q	PC
 6.00	  4100	 0.0	 2.0	 -0.2560	  1.0025	 -0.3493	  1.1671	 0.0466	q	PC
 2.50	  4200	 0.0	 2.0	  0.1501	  0.8316	 -0.3189	  1.6635	 0.0815	q	PC
 3.00	  4200	 0.0	 2.0	  0.2471	  0.6363	 -0.1882	  1.3937	 0.0732	q	PC
 3.50	  4200	 0.0	 2.0	  0.3123	  0.5132	 -0.0606	  1.1558	 0.0587	q	PC
 4.00	  4200	 0.0	 2.0	  0.3520	  0.4366	  0.0517	  0.9504	 0.0476	q	PC
 4.50	  4200	 0.0	 2.0	  0.1975	  0.6003	 -0.0325	  0.9934	 0.0377	q	PC
 5.00	  4200	 0.0	 2.0	  0.0043	  0.7845	 -0.1798	  1.1002	 0.0382	q	PC
 5.50	  4200	 0.0	 2.0	 -0.1251	  0.8774	 -0.2639	  1.1158	 0.0343	q	PC
 6.00	  4200	 0.0	 2.0	 -0.2222	  0.9621	 -0.3197	  1.1330	 0.0429	q	PC
 2.50	  4300	 0.0	 2.0	  0.1169	  0.8682	 -0.3546	  1.7042	 0.0844	q	PC
 3.00	  4300	 0.0	 2.0	  0.2292	  0.6486	 -0.2193	  1.4278	 0.0666	q	PC
 3.50	  4300	 0.0	 2.0	  0.2897	  0.5345	 -0.0887	  1.1859	 0.0575	q	PC
 4.00	  4300	 0.0	 2.0	  0.3349	  0.4499	  0.0307	  0.9706	 0.0496	q	PC
 4.50	  4300	 0.0	 2.0	  0.2725	  0.5162	  0.0405	  0.9114	 0.0353	q	PC
 5.00	  4300	 0.0	 2.0	  0.0944	  0.6966	 -0.0850	  1.0034	 0.0331	q	PC
 5.50	  4300	 0.0	 2.0	 -0.0749	  0.8470	 -0.2003	  1.0637	 0.0378	q	PC
 6.00	  4300	 0.0	 2.0	 -0.1758	  0.9117	 -0.2765	  1.0872	 0.0389	q	PC
 2.50	  4400	 0.0	 2.0	  0.0840	  0.9044	 -0.3887	  1.7425	 0.0867	q	PC
 3.00	  4400	 0.0	 2.0	  0.2062	  0.6698	 -0.2476	  1.4573	 0.0651	q	PC
 3.50	  4400	 0.0	 2.0	  0.2686	  0.5532	 -0.1163	  1.2152	 0.0566	q	PC
 4.00	  4400	 0.0	 2.0	  0.3181	  0.4645	  0.0087	  0.9938	 0.0484	q	PC
 4.50	  4400	 0.0	 2.0	  0.3305	  0.4369	  0.0873	  0.8502	 0.0377	q	PC
 5.00	  4400	 0.0	 2.0	  0.1951	  0.5727	  0.0028	  0.8994	 0.0270	q	PC
 5.50	  4400	 0.0	 2.0	  0.0127	  0.7519	 -0.1158	  0.9727	 0.0335	q	PC
 6.00	  4400	 0.0	 2.0	 -0.1278	  0.8754	 -0.2256	  1.0452	 0.0346	q	PC
 2.50	  4500	 0.0	 2.0	  0.0552	  0.9343	 -0.4210	  1.7779	 0.0890	q	PC
 3.00	  4500	 0.0	 2.0	  0.1870	  0.6830	 -0.2759	  1.4857	 0.0630	q	PC
 3.50	  4500	 0.0	 2.0	  0.2464	  0.5737	 -0.1445	  1.2455	 0.0551	q	PC
 4.00	  4500	 0.0	 2.0	  0.3018	  0.4762	 -0.0171	  1.0207	 0.0443	q	PC
 4.50	  4500	 0.0	 2.0	  0.3243	  0.4358	  0.0789	  0.8535	 0.0396	q	PC
 5.00	  4500	 0.0	 2.0	  0.2561	  0.5124	  0.0645	  0.8364	 0.0264	q	PC
 5.50	  4500	 0.0	 2.0	  0.0930	  0.6767	 -0.0347	  0.8950	 0.0278	q	PC
 6.00	  4500	 0.0	 2.0	 -0.0551	  0.7999	 -0.1556	  0.9734	 0.0301	q	PC
 2.50	  4600	 0.0	 2.0	  0.0309	  0.9566	 -0.4526	  1.8127	 0.0908	q	PC
 3.00	  4600	 0.0	 2.0	  0.1573	  0.7172	 -0.3045	  1.5177	 0.0645	q	PC
 3.50	  4600	 0.0	 2.0	  0.2242	  0.5941	 -0.1732	  1.2767	 0.0541	q	PC
 4.00	  4600	 0.0	 2.0	  0.2802	  0.4962	 -0.0440	  1.0495	 0.0430	q	PC
 4.50	  4600	 0.0	 2.0	  0.3069	  0.4502	  0.0556	  0.8771	 0.0369	q	PC
 5.00	  4600	 0.0	 2.0	  0.3064	  0.4452	  0.1048	  0.7850	 0.0289	q	PC
 5.50	  4600	 0.0	 2.0	  0.1763	  0.5819	  0.0391	  0.8140	 0.0220	q	PC
 6.00	  4600	 0.0	 2.0	  0.0185	  0.7286	 -0.0828	  0.9024	 0.0269	q	PC
 2.50	  4700	 0.0	 2.0	  0.0187	  0.9585	 -0.4837	  1.8468	 0.0902	q	PC
 3.00	  4700	 0.0	 2.0	  0.1377	  0.7330	 -0.3325	  1.5478	 0.0644	q	PC
 3.50	  4700	 0.0	 2.0	  0.2022	  0.6141	 -0.2019	  1.3081	 0.0538	q	PC
 4.00	  4700	 0.0	 2.0	  0.2595	  0.5149	 -0.0706	  1.0777	 0.0416	q	PC
 4.50	  4700	 0.0	 2.0	  0.2850	  0.4713	  0.0289	  0.9059	 0.0358	q	PC
 5.00	  4700	 0.0	 2.0	  0.3041	  0.4409	  0.0997	  0.7860	 0.0311	q	PC
 5.50	  4700	 0.0	 2.0	  0.2326	  0.5234	  0.0893	  0.7638	 0.0209	q	PC
 6.00	  4700	 0.0	 2.0	  0.0858	  0.6697	 -0.0172	  0.8446	 0.0210	q	PC
 2.50	  4800	 0.0	 2.0	 -0.0024	  0.9794	 -0.5132	  1.8822	 0.0926	q	PC
 3.00	  4800	 0.0	 2.0	  0.1122	  0.7588	 -0.3640	  1.5844	 0.0704	q	PC
 3.50	  4800	 0.0	 2.0	  0.1826	  0.6307	 -0.2300	  1.3389	 0.0535	q	PC
 4.00	  4800	 0.0	 2.0	  0.2370	  0.5366	 -0.0979	  1.1074	 0.0426	q	PC
 4.50	  4800	 0.0	 2.0	  0.2639	  0.4910	  0.0017	  0.9357	 0.0346	q	PC
 5.00	  4800	 0.0	 2.0	  0.2902	  0.4518	  0.0814	  0.8044	 0.0303	q	PC
 5.50	  4800	 0.0	 2.0	  0.2822	  0.4574	  0.1269	  0.7161	 0.0222	q	PC
 6.00	  4800	 0.0	 2.0	  0.1632	  0.5803	  0.0471	  0.7743	 0.0140	q	PC
 2.50	  4900	 0.0	 2.0	 -0.0196	  0.9928	 -0.5481	  1.9270	 0.0936	q	PC
 3.00	  4900	 0.0	 2.0	  0.0952	  0.7716	 -0.3976	  1.6258	 0.0700	q	PC
 3.50	  4900	 0.0	 2.0	  0.1643	  0.6455	 -0.2590	  1.3719	 0.0536	q	PC
 4.00	  4900	 0.0	 2.0	  0.2213	  0.5464	 -0.1241	  1.1347	 0.0411	q	PC
 4.50	  4900	 0.0	 2.0	  0.2423	  0.5118	 -0.0282	  0.9701	 0.0336	q	PC
 5.00	  4900	 0.0	 2.0	  0.2693	  0.4717	  0.0542	  0.8345	 0.0291	q	PC
 5.50	  4900	 0.0	 2.0	  0.2788	  0.4561	  0.1244	  0.7141	 0.0263	q	PC
 6.00	  4900	 0.0	 2.0	  0.1957	  0.5542	  0.0781	  0.7496	 0.0189	q	PC
 2.50	  5100	 0.0	 2.0	 -0.0523	  1.0238	 -0.6385	  2.0637	 0.0955	q	PC
 3.00	  5100	 0.0	 2.0	  0.0744	  0.7785	 -0.4827	  1.7454	 0.0692	q	PC
 3.50	  5100	 0.0	 2.0	  0.1464	  0.6443	 -0.3499	  1.4966	 0.0520	q	PC
 4.00	  5100	 0.0	 2.0	  0.1754	  0.5855	 -0.2148	  1.2501	 0.0416	q	PC
 4.50	  5100	 0.0	 2.0	  0.2048	  0.5370	 -0.1164	  1.0810	 0.0332	q	PC
 5.00	  5100	 0.0	 2.0	  0.2292	  0.5004	 -0.0070	  0.8983	 0.0280	q	PC
 5.50	  5100	 0.0	 2.0	  0.2565	  0.4607	  0.0627	  0.7851	 0.0240	q	PC
 6.00	  5100	 0.0	 2.0	  0.2411	  0.4798	  0.1041	  0.7062	 0.0236	q	PC
 2.50	  5200	 0.0	 2.0	 -0.0604	  1.0266	 -0.6595	  2.0890	 0.0952	q	PC
 3.00	  5200	 0.0	 2.0	  0.0661	  0.7807	 -0.5035	  1.7689	 0.0682	q	PC
 3.50	  5200	 0.0	 2.0	  0.1388	  0.6447	 -0.3694	  1.5173	 0.0513	q	PC
 4.00	  5200	 0.0	 2.0	  0.1621	  0.5936	 -0.2386	  1.2758	 0.0410	q	PC
 4.50	  5200	 0.0	 2.0	  0.1902	  0.5468	 -0.1379	  1.1021	 0.0326	q	PC
 5.00	  5200	 0.0	 2.0	  0.2128	  0.5126	 -0.0283	  0.9184	 0.0274	q	PC
 5.50	  5200	 0.0	 2.0	  0.2395	  0.4740	  0.0414	  0.8054	 0.0232	q	PC
 6.00	  5200	 0.0	 2.0	  0.2259	  0.4932	  0.0870	  0.7226	 0.0240	q	PC
 2.50	  5300	 0.0	 2.0	 -0.0776	  1.0429	 -0.6918	  2.1325	 0.0951	q	PC
 3.00	  5300	 0.0	 2.0	  0.0651	  0.7711	 -0.5232	  1.7910	 0.0658	q	PC
 3.50	  5300	 0.0	 2.0	  0.1076	  0.6802	 -0.4084	  1.5653	 0.0498	q	PC
 4.00	  5300	 0.0	 2.0	  0.1509	  0.5993	 -0.2613	  1.3009	 0.0401	q	PC
 4.50	  5300	 0.0	 2.0	  0.1772	  0.5544	 -0.1580	  1.1216	 0.0321	q	PC
 5.00	  5300	 0.0	 2.0	  0.1993	  0.5203	 -0.0477	  0.9358	 0.0265	q	PC
 5.50	  5300	 0.0	 2.0	  0.2135	  0.5019	  0.0118	  0.8385	 0.0243	q	PC
 6.00	  5300	 0.0	 2.0	  0.2092	  0.5050	  0.0631	  0.7458	 0.0235	q	PC
 2.50	  5400	 0.0	 2.0	 -0.0860	  1.0481	 -0.7117	  2.1580	 0.0947	q	PC
 3.00	  5400	 0.0	 2.0	  0.0540	  0.7787	 -0.5464	  1.8196	 0.0655	q	PC
 3.50	  5400	 0.0	 2.0	  0.1029	  0.6772	 -0.4266	  1.5849	 0.0479	q	PC
 4.00	  5400	 0.0	 2.0	  0.1425	  0.6012	 -0.2838	  1.3263	 0.0391	q	PC
 4.50	  5400	 0.0	 2.0	  0.1662	  0.5596	 -0.1767	  1.1397	 0.0313	q	PC
 5.00	  5400	 0.0	 2.0	  0.1905	  0.5205	 -0.0643	  0.9487	 0.0249	q	PC
 5.50	  5400	 0.0	 2.0	  0.1794	  0.5332	 -0.0306	  0.8829	 0.0230	q	PC
 6.00	  5400	 0.0	 2.0	  0.1909	  0.5192	  0.0393	  0.7689	 0.0235	q	PC
 2.50	  5500	 0.0	 2.0	 -0.0988	  1.0600	 -0.7469	  2.2110	 0.0918	q	PC
 3.00	  5500	 0.0	 2.0	  0.0305	  0.8045	 -0.5968	  1.8934	 0.0654	q	PC
 3.50	  5500	 0.0	 2.0	  0.0887	  0.6902	 -0.4502	  1.6141	 0.0482	q	PC
 4.00	  5500	 0.0	 2.0	  0.1304	  0.6097	 -0.3096	  1.3582	 0.0390	q	PC
 4.50	  5500	 0.0	 2.0	  0.1565	  0.5628	 -0.1945	  1.1563	 0.0310	q	PC
 5.00	  5500	 0.0	 2.0	  0.1789	  0.5267	 -0.0815	  0.9642	 0.0244	q	PC
 5.50	  5500	 0.0	 2.0	  0.1623	  0.5464	 -0.0520	  0.9030	 0.0231	q	PC
 6.00	  5500	 0.0	 2.0	  0.1735	  0.5322	  0.0156	  0.7922	 0.0236	q	PC
 2.50	  5600	 0.0	 2.0	 -0.1160	  1.0799	 -0.7780	  2.2570	 0.0902	q	PC
 3.00	  5600	 0.0	 2.0	  0.0122	  0.8273	 -0.6242	  1.9315	 0.0632	q	PC
 3.50	  5600	 0.0	 2.0	  0.0783	  0.6978	 -0.4689	  1.6358	 0.0483	q	PC
 4.00	  5600	 0.0	 2.0	  0.1213	  0.6143	 -0.3291	  1.3803	 0.0387	q	PC
 4.50	  5600	 0.0	 2.0	  0.1472	  0.5667	 -0.2108	  1.1720	 0.0304	q	PC
 5.00	  5600	 0.0	 2.0	  0.1390	  0.5684	 -0.1291	  1.0175	 0.0239	q	PC
 5.50	  5600	 0.0	 2.0	  0.1491	  0.5527	 -0.0727	  0.9214	 0.0227	q	PC
 6.00	  5600	 0.0	 2.0	  0.1573	  0.5435	 -0.0066	  0.8131	 0.0238	q	PC
 2.50	  5700	 0.0	 2.0	 -0.1328	  1.0989	 -0.8059	  2.2962	 0.0866	q	PC
 3.00	  5700	 0.0	 2.0	  0.0040	  0.8322	 -0.6498	  1.9669	 0.0622	q	PC
 3.50	  5700	 0.0	 2.0	  0.0706	  0.7012	 -0.4867	  1.6564	 0.0479	q	PC
 4.00	  5700	 0.0	 2.0	  0.1149	  0.6148	 -0.3462	  1.3988	 0.0371	q	PC
 4.50	  5700	 0.0	 2.0	  0.1375	  0.5721	 -0.2262	  1.1867	 0.0303	q	PC
 5.00	  5700	 0.0	 2.0	  0.1268	  0.5753	 -0.1476	  1.0347	 0.0234	q	PC
 5.50	  5700	 0.0	 2.0	  0.1355	  0.5607	 -0.0916	  0.9380	 0.0226	q	PC
 6.00	  5700	 0.0	 2.0	  0.1427	  0.5526	 -0.0273	  0.8320	 0.0240	q	PC
 2.50	  5800	 0.0	 2.0	 -0.1602	  1.1394	 -0.8381	  2.3471	 0.0840	q	PC
 3.00	  5800	 0.0	 2.0	 -0.0116	  0.8488	 -0.6762	  2.0029	 0.0632	q	PC
 3.50	  5800	 0.0	 2.0	  0.0627	  0.7099	 -0.5071	  1.6872	 0.0480	q	PC
 4.00	  5800	 0.0	 2.0	  0.1067	  0.6185	 -0.3622	  1.4159	 0.0371	q	PC
 4.50	  5800	 0.0	 2.0	  0.1012	  0.6106	 -0.2700	  1.2369	 0.0290	q	PC
 5.00	  5800	 0.0	 2.0	  0.1152	  0.5818	 -0.1656	  1.0518	 0.0233	q	PC
 5.50	  5800	 0.0	 2.0	  0.1231	  0.5675	 -0.1090	  0.9530	 0.0227	q	PC
 6.00	  5800	 0.0	 2.0	  0.1296	  0.5597	 -0.0462	  0.8488	 0.0243	q	PC
 2.50	  5900	 0.0	 2.0	 -0.1748	  1.1528	 -0.8686	  2.3895	 0.0820	q	PC
 3.00	  5900	 0.0	 2.0	 -0.0223	  0.8576	 -0.6980	  2.0308	 0.0627	q	PC
 3.50	  5900	 0.0	 2.0	  0.0466	  0.7223	 -0.5301	  1.7116	 0.0512	q	PC
 4.00	  5900	 0.0	 2.0	  0.0989	  0.6220	 -0.3776	  1.4320	 0.0370	q	PC
 4.50	  5900	 0.0	 2.0	  0.0965	  0.6122	 -0.2796	  1.2465	 0.0285	q	PC
 5.00	  5900	 0.0	 2.0	  0.1047	  0.5872	 -0.1830	  1.0686	 0.0232	q	PC
 5.50	  5900	 0.0	 2.0	  0.1174	  0.5685	 -0.1188	  0.9607	 0.0230	q	PC
 6.00	  5900	 0.0	 2.0	  0.1189	  0.5637	 -0.0636	  0.8636	 0.0248	q	PC
 2.50	  6000	 0.0	 2.0	 -0.1783	  1.1490	 -0.8827	  2.4032	 0.0812	q	PC
 3.00	  6000	 0.0	 2.0	 -0.0306	  0.8624	 -0.7175	  2.0551	 0.0617	q	PC
 3.50	  6000	 0.0	 2.0	  0.0401	  0.7244	 -0.5517	  1.7395	 0.0504	q	PC
 4.00	  6000	 0.0	 2.0	  0.0917	  0.6247	 -0.3919	  1.4468	 0.0370	q	PC
 4.50	  6000	 0.0	 2.0	  0.0823	  0.6203	 -0.3006	  1.2660	 0.0287	q	PC
 5.00	  6000	 0.0	 2.0	  0.0959	  0.5903	 -0.1998	  1.0849	 0.0231	q	PC
 5.50	  6000	 0.0	 2.0	  0.1032	  0.5750	 -0.1390	  0.9771	 0.0230	q	PC
 6.00	  6000	 0.0	 2.0	  0.1120	  0.5655	 -0.0739	  0.8709	 0.0253	q	PC
 2.50	  6100	 0.0	 2.0	 -0.2053	  1.1835	 -0.9298	  2.4778	 0.0795	q	PC
 3.00	  6100	 0.0	 2.0	 -0.0415	  0.8715	 -0.7370	  2.0792	 0.0615	q	PC
 3.50	  6100	 0.0	 2.0	  0.0332	  0.7292	 -0.5749	  1.7727	 0.0499	q	PC
 4.00	  6100	 0.0	 2.0	  0.0880	  0.6256	 -0.4008	  1.4563	 0.0368	q	PC
 4.50	  6100	 0.0	 2.0	  0.0736	  0.6244	 -0.3154	  1.2803	 0.0286	q	PC
 5.00	  6100	 0.0	 2.0	  0.0910	  0.5914	 -0.2109	  1.0963	 0.0232	q	PC
 5.50	  6100	 0.0	 2.0	  0.0935	  0.5794	 -0.1528	  0.9882	 0.0232	q	PC
 6.00	  6100	 0.0	 2.0	  0.0719	  0.6053	 -0.1193	  0.9190	 0.0258	q	PC
 2.50	  6200	 0.0	 2.0	 -0.2050	  1.1746	 -0.9357	  2.4777	 0.0787	q	PC
 3.00	  6200	 0.0	 2.0	 -0.0535	  0.8822	 -0.7573	  2.1044	 0.0612	q	PC
 3.50	  6200	 0.0	 2.0	  0.0247	  0.7324	 -0.5970	  1.7994	 0.0499	q	PC
 4.00	  6200	 0.0	 2.0	  0.0817	  0.6269	 -0.4139	  1.4693	 0.0368	q	PC
 4.50	  6200	 0.0	 2.0	  0.0671	  0.6259	 -0.3283	  1.2923	 0.0284	q	PC
 5.00	  6200	 0.0	 2.0	  0.0826	  0.5945	 -0.2276	  1.1134	 0.0233	q	PC
 5.50	  6200	 0.0	 2.0	  0.0600	  0.6148	 -0.1887	  1.0273	 0.0231	q	PC
 6.00	  6200	 0.0	 2.0	  0.0514	  0.6197	 -0.1440	  0.9408	 0.0253	q	PC
 2.50	  6300	 0.0	 2.0	 -0.2378	  1.2171	 -0.9869	  2.5574	 0.0775	q	PC
 3.00	  6300	 0.0	 2.0	 -0.0652	  0.8926	 -0.7784	  2.1312	 0.0603	q	PC
 3.50	  6300	 0.0	 2.0	  0.0172	  0.7371	 -0.6246	  1.8392	 0.0484	q	PC
 4.00	  6300	 0.0	 2.0	  0.0738	  0.6290	 -0.4297	  1.4848	 0.0369	q	PC
 4.50	  6300	 0.0	 2.0	  0.0623	  0.6272	 -0.3392	  1.3039	 0.0282	q	PC
 5.00	  6300	 0.0	 2.0	  0.0756	  0.5930	 -0.2491	  1.1362	 0.0233	q	PC
 5.50	  6300	 0.0	 2.0	  0.0429	  0.6268	 -0.2086	  1.0443	 0.0223	q	PC
 6.00	  6300	 0.0	 2.0	  0.0382	  0.6279	 -0.1623	  0.9573	 0.0254	q	PC
 2.50	  6400	 0.0	 2.0	 -0.2349	  1.2047	 -0.9901	  2.5531	 0.0771	q	PC
 3.00	  6400	 0.0	 2.0	 -0.0783	  0.9049	 -0.8041	  2.1660	 0.0598	q	PC
 3.50	  6400	 0.0	 2.0	  0.0086	  0.7417	 -0.6446	  1.8635	 0.0481	q	PC
 4.00	  6400	 0.0	 2.0	  0.0677	  0.6310	 -0.4421	  1.4976	 0.0368	q	PC
 4.50	  6400	 0.0	 2.0	  0.0566	  0.6261	 -0.3558	  1.3214	 0.0281	q	PC
 5.00	  6400	 0.0	 2.0	  0.0681	  0.5967	 -0.2647	  1.1536	 0.0240	q	PC
 5.50	  6400	 0.0	 2.0	  0.0313	  0.6320	 -0.2246	  1.0568	 0.0223	q	PC
 6.00	  6400	 0.0	 2.0	  0.0265	  0.6343	 -0.1788	  0.9718	 0.0254	q	PC
 2.50	  6500	 0.0	 2.0	 -0.2500	  1.2196	 -1.0163	  2.5886	 0.0764	q	PC
 3.00	  6500	 0.0	 2.0	 -0.0920	  0.9182	 -0.8325	  2.2057	 0.0596	q	PC
 3.50	  6500	 0.0	 2.0	 -0.0044	  0.7539	 -0.6695	  1.8964	 0.0480	q	PC
 4.00	  6500	 0.0	 2.0	  0.0594	  0.6364	 -0.4563	  1.5132	 0.0369	q	PC
 4.50	  6500	 0.0	 2.0	  0.0525	  0.6267	 -0.3728	  1.3440	 0.0278	q	PC
 5.00	  6500	 0.0	 2.0	  0.0631	  0.5967	 -0.2801	  1.1713	 0.0241	q	PC
 5.50	  6500	 0.0	 2.0	  0.0253	  0.6338	 -0.2334	  1.0633	 0.0224	q	PC
 6.00	  6500	 0.0	 2.0	  0.0204	  0.6325	 -0.1903	  0.9791	 0.0258	q	PC
 2.50	  6600	 0.0	 2.0	 -0.2585	  1.2216	 -1.0403	  2.6173	 0.0753	q	PC
 3.00	  6600	 0.0	 2.0	 -0.1050	  0.9301	 -0.8608	  2.2450	 0.0593	q	PC
 3.50	  6600	 0.0	 2.0	 -0.0133	  0.7602	 -0.6851	  1.9142	 0.0478	q	PC
 4.00	  6600	 0.0	 2.0	  0.0513	  0.6411	 -0.4781	  1.5411	 0.0365	q	PC
 4.50	  6600	 0.0	 2.0	  0.0439	  0.6315	 -0.3985	  1.3779	 0.0281	q	PC
 5.00	  6600	 0.0	 2.0	  0.0587	  0.5963	 -0.2943	  1.1876	 0.0241	q	PC
 5.50	  6600	 0.0	 2.0	  0.0172	  0.6360	 -0.2454	  1.0720	 0.0225	q	PC
 6.00	  6600	 0.0	 2.0	  0.0116	  0.6359	 -0.2039	  0.9907	 0.0258	q	PC
 2.50	  6700	 0.0	 2.0	 -0.2925	  1.2675	 -1.0598	  2.6387	 0.0942	q	PC
 3.00	  6700	 0.0	 2.0	 -0.1166	  0.9398	 -0.8852	  2.2773	 0.0587	q	PC
 3.50	  6700	 0.0	 2.0	 -0.0293	  0.7757	 -0.7099	  1.9450	 0.0476	q	PC
 4.00	  6700	 0.0	 2.0	  0.0427	  0.6470	 -0.5060	  1.5806	 0.0364	q	PC
 4.50	  6700	 0.0	 2.0	  0.0384	  0.6334	 -0.4217	  1.4099	 0.0281	q	PC
 5.00	  6700	 0.0	 2.0	  0.0540	  0.5967	 -0.3081	  1.2032	 0.0243	q	PC
 5.50	  6700	 0.0	 2.0	  0.0116	  0.6368	 -0.2539	  1.0778	 0.0225	q	PC
 6.00	  6700	 0.0	 2.0	  0.0039	  0.6385	 -0.2158	  1.0003	 0.0258	q	PC
 2.50	  6800	 0.0	 2.0	 -0.3133	  1.2871	 -1.1020	  2.6978	 0.0926	q	PC
 3.00	  6800	 0.0	 2.0	 -0.1258	  0.9444	 -0.9066	  2.3030	 0.0573	q	PC
 3.50	  6800	 0.0	 2.0	 -0.0423	  0.7870	 -0.7299	  1.9685	 0.0476	q	PC
 4.00	  6800	 0.0	 2.0	  0.0333	  0.6540	 -0.5355	  1.6223	 0.0363	q	PC
 4.50	  6800	 0.0	 2.0	  0.0340	  0.6340	 -0.4397	  1.4336	 0.0282	q	PC
 5.00	  6800	 0.0	 2.0	  0.0497	  0.5972	 -0.3201	  1.2167	 0.0242	q	PC
 5.50	  6800	 0.0	 2.0	  0.0064	  0.6376	 -0.2620	  1.0833	 0.0226	q	PC
 6.00	  6800	 0.0	 2.0	 -0.0027	  0.6400	 -0.2259	  1.0077	 0.0258	q	PC
 2.50	  6900	 0.0	 2.0	 -0.3220	  1.2911	 -1.1182	  2.7144	 0.0952	q	PC
 3.00	  6900	 0.0	 2.0	 -0.1360	  0.9508	 -0.9290	  2.3307	 0.0565	q	PC
 3.50	  6900	 0.0	 2.0	 -0.0478	  0.7894	 -0.7399	  1.9786	 0.0473	q	PC
 4.00	  6900	 0.0	 2.0	  0.0221	  0.6636	 -0.5605	  1.6557	 0.0372	q	PC
 4.50	  6900	 0.0	 2.0	  0.0289	  0.6357	 -0.4553	  1.4533	 0.0281	q	PC
 5.00	  6900	 0.0	 2.0	  0.0448	  0.5986	 -0.3306	  1.2274	 0.0245	q	PC
 5.50	  6900	 0.0	 2.0	  0.0023	  0.6377	 -0.2690	  1.0882	 0.0227	q	PC
 6.00	  6900	 0.0	 2.0	 -0.0082	  0.6406	 -0.2347	  1.0137	 0.0259	q	PC
 2.50	  7000	 0.0	 2.0	 -0.3288	  1.2940	 -1.1258	  2.7172	 0.0974	q	PC
 3.00	  7000	 0.0	 2.0	 -0.1441	  0.9535	 -0.9488	  2.3535	 0.0561	q	PC
 3.50	  7000	 0.0	 2.0	 -0.0577	  0.7961	 -0.7579	  1.9990	 0.0467	q	PC
 4.00	  7000	 0.0	 2.0	  0.0122	  0.6711	 -0.5819	  1.6831	 0.0372	q	PC
 4.50	  7000	 0.0	 2.0	  0.0235	  0.6377	 -0.4659	  1.4641	 0.0281	q	PC
 5.00	  7000	 0.0	 2.0	  0.0405	  0.5991	 -0.3385	  1.2343	 0.0246	q	PC
 5.50	  7000	 0.0	 2.0	 -0.0026	  0.6386	 -0.2767	  1.0940	 0.0228	q	PC
 6.00	  7000	 0.0	 2.0	 -0.0134	  0.6413	 -0.2426	  1.0190	 0.0259	q	PC
 2.50	  7200	 0.0	 2.0	 -0.3522	  1.3086	 -1.1741	  2.7759	 0.0994	q	PC
 3.00	  7200	 0.0	 2.0	 -0.1657	  0.9666	 -0.9955	  2.4107	 0.0566	q	PC
 3.50	  7200	 0.0	 2.0	 -0.0745	  0.8037	 -0.7926	  2.0374	 0.0447	q	PC
 4.00	  7200	 0.0	 2.0	 -0.0129	  0.6911	 -0.6262	  1.7362	 0.0370	q	PC
 4.50	  7200	 0.0	 2.0	  0.0120	  0.6419	 -0.4865	  1.4844	 0.0281	q	PC
 5.00	  7200	 0.0	 2.0	  0.0314	  0.6004	 -0.3541	  1.2469	 0.0241	q	PC
 5.50	  7200	 0.0	 2.0	 -0.0096	  0.6380	 -0.2973	  1.1162	 0.0226	q	PC
 6.00	  7200	 0.0	 2.0	 -0.0218	  0.6411	 -0.2553	  1.0261	 0.0258	q	PC
 2.50	  7400	 0.0	 2.0	 -0.3753	  1.3268	 -1.2097	  2.8157	 0.1049	q	PC
 3.00	  7400	 0.0	 2.0	 -0.1871	  0.9813	 -1.0321	  2.4517	 0.0574	q	PC
 3.50	  7400	 0.0	 2.0	 -0.0977	  0.8211	 -0.8348	  2.0875	 0.0445	q	PC
 4.00	  7400	 0.0	 2.0	 -0.0276	  0.6981	 -0.6537	  1.7649	 0.0351	q	PC
 4.50	  7400	 0.0	 2.0	 -0.0390	  0.6869	 -0.5503	  1.5515	 0.0260	q	PC
 5.00	  7400	 0.0	 2.0	  0.0212	  0.6042	 -0.3703	  1.2610	 0.0241	q	PC
 5.50	  7400	 0.0	 2.0	 -0.0174	  0.6389	 -0.3368	  1.1709	 0.0224	q	PC
 6.00	  7400	 0.0	 2.0	 -0.0290	  0.6403	 -0.2660	  1.0313	 0.0256	q	PC
 2.50	  7600	 0.0	 2.0	 -0.4027	  1.3520	 -1.2540	  2.8721	 0.1113	q	PC
 3.00	  7600	 0.0	 2.0	 -0.2103	  0.9976	 -1.0784	  2.5089	 0.0593	q	PC
 3.50	  7600	 0.0	 2.0	 -0.1188	  0.8349	 -0.8829	  2.1485	 0.0454	q	PC
 4.00	  7600	 0.0	 2.0	 -0.0839	  0.7542	 -0.7260	  1.8475	 0.0318	q	PC
 4.50	  7600	 0.0	 2.0	 -0.0139	  0.6533	 -0.5302	  1.5267	 0.0279	q	PC
 5.00	  7600	 0.0	 2.0	  0.0117	  0.6062	 -0.3866	  1.2750	 0.0238	q	PC
 5.50	  7600	 0.0	 2.0	 -0.0244	  0.6391	 -0.3631	  1.2036	 0.0224	q	PC
 6.00	  7600	 0.0	 2.0	 -0.0360	  0.6406	 -0.2770	  1.0381	 0.0259	q	PC
 2.50	  7800	 0.0	 2.0	 -0.4179	  1.3555	 -1.2804	  2.8923	 0.1114	q	PC
 3.00	  7800	 0.0	 2.0	 -0.2349	  1.0186	 -1.1254	  2.5701	 0.0614	q	PC
 3.50	  7800	 0.0	 2.0	 -0.1586	  0.8699	 -0.9623	  2.2531	 0.0460	q	PC
 4.00	  7800	 0.0	 2.0	 -0.0708	  0.7312	 -0.7212	  1.8391	 0.0335	q	PC
 4.50	  7800	 0.0	 2.0	 -0.0279	  0.6589	 -0.5635	  1.5655	 0.0263	q	PC
 5.00	  7800	 0.0	 2.0	 -0.0002	  0.6108	 -0.4251	  1.3253	 0.0235	q	PC
 5.50	  7800	 0.0	 2.0	 -0.0308	  0.6382	 -0.3772	  1.2160	 0.0215	q	PC
 6.00	  7800	 0.0	 2.0	 -0.0416	  0.6390	 -0.2860	  1.0425	 0.0252	q	PC
 2.50	  8000	 0.0	 2.0	 -0.4454	  1.3863	 -1.3312	  2.9692	 0.1207	q	PC
 3.00	  8000	 0.0	 2.0	 -0.2626	  1.0469	 -1.1651	  2.6208	 0.0702	q	PC
 3.50	  8000	 0.0	 2.0	 -0.1663	  0.8715	 -0.9976	  2.3043	 0.0498	q	PC
 4.00	  8000	 0.0	 2.0	 -0.0880	  0.7399	 -0.7595	  1.8850	 0.0353	q	PC
 4.50	  8000	 0.0	 2.0	 -0.0437	  0.6669	 -0.6231	  1.6492	 0.0261	q	PC
 5.00	  8000	 0.0	 2.0	 -0.0122	  0.6154	 -0.4685	  1.3842	 0.0228	q	PC
 5.50	  8000	 0.0	 2.0	 -0.0430	  0.6257	 -0.3979	  1.2201	 0.0181	q	PC
 6.00	  8000	 0.0	 2.0	 -0.0467	  0.6368	 -0.3052	  1.0643	 0.0244	q	PC
 2.50	  8200	 0.0	 2.0	 -0.4934	  1.4590	 -1.3686	  3.0291	 0.1420	q	PC
 3.00	  8200	 0.0	 2.0	 -0.2832	  1.0644	 -1.2027	  2.6690	 0.0737	q	PC
 3.50	  8200	 0.0	 2.0	 -0.1844	  0.8822	 -1.0428	  2.3628	 0.0519	q	PC
 4.00	  8200	 0.0	 2.0	 -0.1048	  0.7467	 -0.8297	  1.9852	 0.0380	q	PC
 4.50	  8200	 0.0	 2.0	 -0.0593	  0.6728	 -0.6716	  1.7119	 0.0272	q	PC
 5.00	  8200	 0.0	 2.0	 -0.0217	  0.6124	 -0.5016	  1.4215	 0.0201	q	PC
 5.50	  8200	 0.0	 2.0	 -0.0501	  0.6268	 -0.4083	  1.2269	 0.0183	q	PC
 6.00	  8200	 0.0	 2.0	 -0.0549	  0.6393	 -0.3364	  1.1059	 0.0239	q	PC
 2.50	  8400	 0.0	 2.0	 -0.5288	  1.5143	 -1.4151	  3.1148	 0.1570	q	PC
 3.00	  8400	 0.0	 2.0	 -0.2965	  1.0739	 -1.2507	  2.7421	 0.0769	q	PC
 3.50	  8400	 0.0	 2.0	 -0.1977	  0.8881	 -1.0734	  2.3989	 0.0544	q	PC
 4.00	  8400	 0.0	 2.0	 -0.1177	  0.7496	 -0.8759	  2.0464	 0.0409	q	PC
 4.50	  8400	 0.0	 2.0	 -0.0737	  0.6769	 -0.7008	  1.7420	 0.0296	q	PC
 5.00	  8400	 0.0	 2.0	 -0.0349	  0.6169	 -0.5241	  1.4424	 0.0206	q	PC
 5.50	  8400	 0.0	 2.0	 -0.0492	  0.6212	 -0.4085	  1.2238	 0.0188	q	PC
 6.00	  8400	 0.0	 2.0	 -0.0575	  0.6337	 -0.3580	  1.1328	 0.0222	q	PC
 2.50	  8600	 0.0	 2.0	 -0.5627	  1.5694	 -1.4367	  3.1536	 0.1715	q	PC
 3.00	  8600	 0.0	 2.0	 -0.3091	  1.0864	 -1.3007	  2.8241	 0.0799	q	PC
 3.50	  8600	 0.0	 2.0	 -0.2074	  0.8911	 -1.1163	  2.4611	 0.0563	q	PC
 4.00	  8600	 0.0	 2.0	 -0.1353	  0.7581	 -0.9161	  2.0938	 0.0415	q	PC
 4.50	  8600	 0.0	 2.0	 -0.0873	  0.6804	 -0.7254	  1.7651	 0.0322	q	PC
 5.00	  8600	 0.0	 2.0	 -0.0479	  0.6200	 -0.5447	  1.4590	 0.0219	q	PC
 5.50	  8600	 0.0	 2.0	 -0.0205	  0.5807	 -0.3845	  1.1915	 0.0176	q	PC
 6.00	  8600	 0.0	 2.0	 -0.0595	  0.6273	 -0.3659	  1.1371	 0.0202	q	PC
 2.50	  8800	 0.0	 2.0	 -0.6126	  1.6558	 -1.4567	  3.1958	 0.1914	q	PC
 3.00	  8800	 0.0	 2.0	 -0.3258	  1.1105	 -1.3259	  2.8651	 0.0830	q	PC
 3.50	  8800	 0.0	 2.0	 -0.2172	  0.8986	 -1.1817	  2.5683	 0.0578	q	PC
 4.00	  8800	 0.0	 2.0	 -0.1472	  0.7652	 -0.9407	  2.1231	 0.0441	q	PC
 4.50	  8800	 0.0	 2.0	 -0.0989	  0.6826	 -0.7495	  1.7889	 0.0343	q	PC
 5.00	  8800	 0.0	 2.0	 -0.0606	  0.6218	 -0.5651	  1.4747	 0.0241	q	PC
 5.50	  8800	 0.0	 2.0	 -0.0296	  0.5790	 -0.3995	  1.2004	 0.0172	q	PC
 6.00	  8800	 0.0	 2.0	 -0.0617	  0.6203	 -0.3712	  1.1360	 0.0192	q	PC
 2.50	  9000	 0.0	 2.0	 -0.5770	  1.5979	 -1.4807	  3.2489	 0.1350	q	PC
 3.00	  9000	 0.0	 2.0	 -0.3447	  1.1403	 -1.3597	  2.9260	 0.0871	q	PC
 3.50	  9000	 0.0	 2.0	 -0.2248	  0.9052	 -1.2031	  2.5995	 0.0585	q	PC
 4.00	  9000	 0.0	 2.0	 -0.1511	  0.7614	 -0.9831	  2.1868	 0.0449	q	PC
 4.50	  9000	 0.0	 2.0	 -0.1100	  0.6848	 -0.8157	  1.8863	 0.0352	q	PC
 5.00	  9000	 0.0	 2.0	 -0.0691	  0.6192	 -0.5840	  1.4906	 0.0262	q	PC
 5.50	  9000	 0.0	 2.0	 -0.0414	  0.5807	 -0.4309	  1.2362	 0.0185	q	PC
 6.00	  9000	 0.0	 2.0	 -0.0607	  0.6087	 -0.3717	  1.1280	 0.0180	q	PC
 2.50	  9200	 0.0	 2.0	 -0.6268	  1.6853	 -1.4909	  3.2724	 0.1494	q	PC
 3.00	  9200	 0.0	 2.0	 -0.3463	  1.1417	 -1.3912	  2.9833	 0.0783	q	PC
 3.50	  9200	 0.0	 2.0	 -0.2326	  0.9137	 -1.2152	  2.6160	 0.0597	q	PC
 4.00	  9200	 0.0	 2.0	 -0.1574	  0.7645	 -1.0295	  2.2603	 0.0463	q	PC
 4.50	  9200	 0.0	 2.0	 -0.1164	  0.6849	 -0.8582	  1.9491	 0.0367	q	PC
 5.00	  9200	 0.0	 2.0	 -0.0794	  0.6220	 -0.6414	  1.5740	 0.0284	q	PC
 5.50	  9200	 0.0	 2.0	 -0.0510	  0.5788	 -0.4888	  1.3170	 0.0202	q	PC
 6.00	  9200	 0.0	 2.0	 -0.0531	  0.5863	 -0.3681	  1.1132	 0.0156	q	PC
 2.50	  9400	 0.0	 2.0	 -0.6857	  1.7882	 -1.5061	  3.3082	 0.1688	q	PC
 3.00	  9400	 0.0	 2.0	 -0.3660	  1.1738	 -1.4075	  3.0120	 0.0814	q	PC
 3.50	  9400	 0.0	 2.0	 -0.2433	  0.9290	 -1.2361	  2.6505	 0.0613	q	PC
 4.00	  9400	 0.0	 2.0	 -0.1636	  0.7696	 -1.0532	  2.2964	 0.0473	q	PC
 4.50	  9400	 0.0	 2.0	 -0.1207	  0.6843	 -0.8769	  1.9733	 0.0377	q	PC
 5.00	  9400	 0.0	 2.0	 -0.0867	  0.6205	 -0.6857	  1.6359	 0.0289	q	PC
 5.50	  9400	 0.0	 2.0	 -0.0585	  0.5775	 -0.5122	  1.3433	 0.0222	q	PC
 6.00	  9400	 0.0	 2.0	 -0.0540	  0.5693	 -0.3709	  1.1012	 0.0167	q	PC
 2.50	  9600	 0.0	 2.0	 -0.7476	  1.8956	 -1.5223	  3.3451	 0.1906	q	PC
 3.00	  9600	 0.0	 2.0	 -0.3884	  1.2101	 -1.4194	  3.0316	 0.0857	q	PC
 3.50	  9600	 0.0	 2.0	 -0.2550	  0.9460	 -1.2714	  2.7117	 0.0628	q	PC
 4.00	  9600	 0.0	 2.0	 -0.1696	  0.7759	 -1.0642	  2.3114	 0.0480	q	PC
 4.50	  9600	 0.0	 2.0	 -0.1274	  0.6913	 -0.8866	  1.9856	 0.0390	q	PC
 5.00	  9600	 0.0	 2.0	 -0.0927	  0.6219	 -0.7030	  1.6567	 0.0303	q	PC
 5.50	  9600	 0.0	 2.0	 -0.0664	  0.5790	 -0.5249	  1.3531	 0.0237	q	PC
 6.00	  9600	 0.0	 2.0	 -0.0473	  0.5531	 -0.3660	  1.0890	 0.0192	q	PC
 2.50	  9800	 0.0	 2.0	 -0.8158	  2.0124	 -1.5347	  3.3704	 0.2168	q	PC
 3.00	  9800	 0.0	 2.0	 -0.4131	  1.2500	 -1.4342	  3.0569	 0.0909	q	PC
 3.50	  9800	 0.0	 2.0	 -0.2691	  0.9676	 -1.2975	  2.7562	 0.0649	q	PC
 4.00	  9800	 0.0	 2.0	 -0.1782	  0.7871	 -1.0725	  2.3226	 0.0493	q	PC
 4.50	  9800	 0.0	 2.0	 -0.1325	  0.6934	 -0.8959	  1.9952	 0.0400	q	PC
 5.00	  9800	 0.0	 2.0	 -0.0973	  0.6230	 -0.7126	  1.6664	 0.0313	q	PC
 5.50	  9800	 0.0	 2.0	 -0.0741	  0.5798	 -0.5380	  1.3632	 0.0248	q	PC
 6.00	  9800	 0.0	 2.0	 -0.0542	  0.5520	 -0.3756	  1.0932	 0.0209	q	PC
 2.50	 10000	 0.0	 2.0	 -0.8803	  2.1218	 -1.5467	  3.3933	 0.2420	q	PC
 3.00	 10000	 0.0	 2.0	 -0.4383	  1.2898	 -1.4564	  3.0955	 0.0973	q	PC
 3.50	 10000	 0.0	 2.0	 -0.2833	  0.9887	 -1.3128	  2.7805	 0.0671	q	PC
 4.00	 10000	 0.0	 2.0	 -0.1875	  0.8000	 -1.0798	  2.3323	 0.0509	q	PC
 4.50	 10000	 0.0	 2.0	 -0.1390	  0.7008	 -0.9032	  2.0042	 0.0412	q	PC
 5.00	 10000	 0.0	 2.0	 -0.1030	  0.6270	 -0.7206	  1.6747	 0.0325	q	PC
 5.50	 10000	 0.0	 2.0	 -0.0796	  0.5814	 -0.5460	  1.3694	 0.0261	q	PC
 6.00	 10000	 0.0	 2.0	 -0.0591	  0.5505	 -0.3830	  1.0963	 0.0225	q	PC
 2.50	 10200	 0.0	 2.0	 -0.9495	  2.2383	 -1.5630	  3.4257	 0.2699	q	PC
 3.00	 10200	 0.0	 2.0	 -0.4681	  1.3367	 -1.4829	  3.1415	 0.1074	q	PC
 3.50	 10200	 0.0	 2.0	 -0.2986	  1.0116	 -1.3255	  2.8000	 0.0695	q	PC
 4.00	 10200	 0.0	 2.0	 -0.1972	  0.8136	 -1.0874	  2.3427	 0.0522	q	PC
 4.50	 10200	 0.0	 2.0	 -0.1455	  0.7085	 -0.9096	  2.0120	 0.0422	q	PC
 5.00	 10200	 0.0	 2.0	 -0.1087	  0.6323	 -0.7274	  1.6820	 0.0336	q	PC
 5.50	 10200	 0.0	 2.0	 -0.0852	  0.5846	 -0.5534	  1.3758	 0.0274	q	PC
 6.00	 10200	 0.0	 2.0	 -0.0656	  0.5520	 -0.3929	  1.1037	 0.0236	q	PC
 2.50	 10400	 0.0	 2.0	 -1.0152	  2.3476	 -1.5800	  3.4575	 0.2965	q	PC
 3.00	 10400	 0.0	 2.0	 -0.4989	  1.3841	 -1.5047	  3.1768	 0.1207	q	PC
 3.50	 10400	 0.0	 2.0	 -0.3139	  1.0336	 -1.3369	  2.8160	 0.0721	q	PC
 4.00	 10400	 0.0	 2.0	 -0.2076	  0.8284	 -1.0963	  2.3553	 0.0537	q	PC
 4.50	 10400	 0.0	 2.0	 -0.1530	  0.7184	 -0.9163	  2.0208	 0.0433	q	PC
 5.00	 10400	 0.0	 2.0	 -0.1143	  0.6381	 -0.7332	  1.6884	 0.0345	q	PC
 5.50	 10400	 0.0	 2.0	 -0.0909	  0.5889	 -0.5599	  1.3819	 0.0286	q	PC
 6.00	 10400	 0.0	 2.0	 -0.0736	  0.5561	 -0.4096	  1.1226	 0.0243	q	PC
 2.50	 10600	 0.0	 2.0	 -1.0710	  2.4390	 -1.5952	  3.4826	 0.3195	q	PC
 3.00	 10600	 0.0	 2.0	 -0.5285	  1.4287	 -1.5222	  3.2026	 0.1361	q	PC
 3.50	 10600	 0.0	 2.0	 -0.3282	  1.0531	 -1.3485	  2.8314	 0.0750	q	PC
 4.00	 10600	 0.0	 2.0	 -0.2177	  0.8419	 -1.1067	  2.3698	 0.0551	q	PC
 4.50	 10600	 0.0	 2.0	 -0.1610	  0.7291	 -0.9235	  2.0304	 0.0444	q	PC
 5.00	 10600	 0.0	 2.0	 -0.1203	  0.6452	 -0.7391	  1.6954	 0.0355	q	PC
 5.50	 10600	 0.0	 2.0	 -0.0963	  0.5937	 -0.5657	  1.3876	 0.0297	q	PC
 6.00	 10600	 0.0	 2.0	 -0.0789	  0.5591	 -0.4294	  1.1504	 0.0255	q	PC
 2.50	 10800	 0.0	 2.0	 -1.1201	  2.5179	 -1.6102	  3.5055	 0.3401	q	PC
 3.00	 10800	 0.0	 2.0	 -0.5558	  1.4684	 -1.5386	  3.2255	 0.1524	q	PC
 3.50	 10800	 0.0	 2.0	 -0.3425	  1.0719	 -1.3618	  2.8494	 0.0781	q	PC
 4.00	 10800	 0.0	 2.0	 -0.2290	  0.8569	 -1.1304	  2.4073	 0.0569	q	PC
 4.50	 10800	 0.0	 2.0	 -0.1686	  0.7389	 -0.9305	  2.0394	 0.0455	q	PC
 5.00	 10800	 0.0	 2.0	 -0.1269	  0.6534	 -0.7451	  1.7029	 0.0365	q	PC
 5.50	 10800	 0.0	 2.0	 -0.1019	  0.5995	 -0.5713	  1.3934	 0.0307	q	PC
 6.00	 10800	 0.0	 2.0	 -0.0841	  0.5629	 -0.4450	  1.1721	 0.0264	q	PC
 2.50	 11000	 0.0	 2.0	 -0.9872	  2.2827	 -1.6249	  3.5266	 0.2512	q	PC
 3.00	 11000	 0.0	 2.0	 -0.5801	  1.5028	 -1.5554	  3.2486	 0.1678	q	PC
 3.50	 11000	 0.0	 2.0	 -0.3567	  1.0900	 -1.3830	  2.8812	 0.0816	q	PC
 4.00	 11000	 0.0	 2.0	 -0.2409	  0.8725	 -1.1734	  2.4787	 0.0588	q	PC
 4.50	 11000	 0.0	 2.0	 -0.1778	  0.7510	 -0.9490	  2.0681	 0.0469	q	PC
 5.00	 11000	 0.0	 2.0	 -0.1329	  0.6605	 -0.7505	  1.7092	 0.0373	q	PC
 5.50	 11000	 0.0	 2.0	 -0.1078	  0.6061	 -0.5769	  1.3998	 0.0318	q	PC
 6.00	 11000	 0.0	 2.0	 -0.0893	  0.5673	 -0.4570	  1.1881	 0.0273	q	PC
 2.50	 11200	 0.0	 2.0	 -1.0111	  2.3174	 -1.6390	  3.5469	 0.2639	q	PC
 3.00	 11200	 0.0	 2.0	 -0.6013	  1.5319	 -1.5735	  3.2743	 0.1812	q	PC
 3.50	 11200	 0.0	 2.0	 -0.3695	  1.1056	 -1.4211	  2.9443	 0.0847	q	PC
 4.00	 11200	 0.0	 2.0	 -0.2533	  0.8884	 -1.2084	  2.5353	 0.0608	q	PC
 4.50	 11200	 0.0	 2.0	 -0.1878	  0.7640	 -1.0000	  2.1531	 0.0485	q	PC
 5.00	 11200	 0.0	 2.0	 -0.1399	  0.6692	 -0.7573	  1.7179	 0.0384	q	PC
 5.50	 11200	 0.0	 2.0	 -0.1126	  0.6111	 -0.5819	  1.4053	 0.0322	q	PC
 6.00	 11200	 0.0	 2.0	 -0.0968	  0.5792	 -0.4714	  1.2120	 0.0281	q	PC
 2.50	 11400	 0.0	 2.0	 -1.0354	  2.3540	 -1.6524	  3.5678	 0.2749	q	PC
 3.00	 11400	 0.0	 2.0	 -0.6192	  1.5554	 -1.5970	  3.3110	 0.1926	q	PC
 3.50	 11400	 0.0	 2.0	 -0.3600	  1.0778	 -1.4195	  2.9275	 0.0858	q	PC
 4.00	 11400	 0.0	 2.0	 -0.2616	  0.8962	 -1.2233	  2.5551	 0.0625	q	PC
 4.50	 11400	 0.0	 2.0	 -0.1976	  0.7761	 -1.0332	  2.2063	 0.0500	q	PC
 5.00	 11400	 0.0	 2.0	 -0.1473	  0.6787	 -0.7657	  1.7292	 0.0397	q	PC
 5.50	 11400	 0.0	 2.0	 -0.1205	  0.6246	 -0.5862	  1.4130	 0.0331	q	PC
 6.00	 11400	 0.0	 2.0	 -0.1019	  0.5843	 -0.4792	  1.2218	 0.0288	q	PC
 2.50	 11600	 0.0	 2.0	 -1.0543	  2.3823	 -1.6645	  3.5883	 0.2834	q	PC
 3.00	 11600	 0.0	 2.0	 -0.6319	  1.5702	 -1.6232	  3.3539	 0.2013	q	PC
 3.50	 11600	 0.0	 2.0	 -0.3652	  1.0792	 -1.4445	  2.9651	 0.0883	q	PC
 4.00	 11600	 0.0	 2.0	 -0.2487	  0.8624	 -1.2248	  2.5447	 0.0610	q	PC
 4.50	 11600	 0.0	 2.0	 -0.2047	  0.7829	 -1.0463	  2.2237	 0.0512	q	PC
 5.00	 11600	 0.0	 2.0	 -0.1403	  0.6564	 -0.7707	  1.7269	 0.0384	q	PC
 5.50	 11600	 0.0	 2.0	 -0.1234	  0.6231	 -0.5941	  1.4200	 0.0338	q	PC
 6.00	 11600	 0.0	 2.0	 -0.1070	  0.5895	 -0.4897	  1.2364	 0.0294	q	PC
 2.50	 11800	 0.0	 2.0	 -1.0733	  2.4114	 -1.6755	  3.6082	 0.2906	q	PC
 3.00	 11800	 0.0	 2.0	 -0.6420	  1.5813	 -1.6441	  3.3867	 0.2084	q	PC
 3.50	 11800	 0.0	 2.0	 -0.3890	  1.1167	 -1.4938	  3.0528	 0.0915	q	PC
 4.00	 11800	 0.0	 2.0	 -0.2519	  0.8608	 -1.2410	  2.5658	 0.0617	q	PC
 4.50	 11800	 0.0	 2.0	 -0.2101	  0.7861	 -1.0572	  2.2365	 0.0521	q	PC
 5.00	 11800	 0.0	 2.0	 -0.1438	  0.6574	 -0.7782	  1.7349	 0.0389	q	PC
 5.50	 11800	 0.0	 2.0	 -0.1310	  0.6361	 -0.6007	  1.4316	 0.0345	q	PC
 6.00	 11800	 0.0	 2.0	 -0.1109	  0.5931	 -0.4934	  1.2397	 0.0298	q	PC
 2.50	 12000	 0.0	 2.0	 -1.0906	  2.4382	 -1.6849	  3.6258	 0.2972	q	PC
 3.00	 12000	 0.0	 2.0	 -0.6487	  1.5863	 -1.6622	  3.4138	 0.2149	q	PC
 3.50	 12000	 0.0	 2.0	 -0.3915	  1.1140	 -1.5104	  3.0750	 0.0926	q	PC
 4.00	 12000	 0.0	 2.0	 -0.2535	  0.8563	 -1.2550	  2.5828	 0.0622	q	PC
 4.50	 12000	 0.0	 2.0	 -0.2139	  0.7863	 -1.0675	  2.2479	 0.0528	q	PC
 5.00	 12000	 0.0	 2.0	 -0.1465	  0.6567	 -0.7894	  1.7487	 0.0392	q	PC
 5.50	 12000	 0.0	 2.0	 -0.1349	  0.6392	 -0.6154	  1.4531	 0.0348	q	PC
 6.00	 12000	 0.0	 2.0	 -0.1152	  0.5969	 -0.5039	  1.2541	 0.0303	q	PC
 2.50	  2300	 0.0	 2.0	  0.0445	  0.9514	 -0.3914	  1.7278	 0.0560	r	PC
 3.00	  2300	 0.0	 2.0	 -0.0274	  1.0897	 -0.2600	  1.5061	 0.0254	r	PC
 3.50	  2300	 0.0	 2.0	  0.0987	  0.9323	 -0.1114	  1.2935	 0.0270	r	PC
 4.00	  2300	 0.0	 2.0	  0.2101	  0.8086	  0.0262	  1.1112	 0.0620	r	PC
 4.50	  2300	 0.0	 2.0	  0.2647	  0.7366	  0.0943	  1.0109	 0.0722	r	PC
 5.00	  2300	 0.0	 2.0	  0.2878	  0.6988	  0.1612	  0.9004	 0.0598	r	PC
 5.50	  2300	 0.0	 2.0	  0.2121	  0.7563	  0.1075	  0.9222	 0.0475	r	PC
 6.00	  2300	 0.0	 2.0	  0.1749	  0.7894	  0.0891	  0.9239	 0.0401	r	PC
 2.50	  2400	 0.0	 2.0	 -0.0358	  1.0257	 -0.4914	  1.8418	 0.0392	r	PC
 3.00	  2400	 0.0	 2.0	 -0.0335	  1.0382	 -0.3718	  1.6295	 0.0404	r	PC
 3.50	  2400	 0.0	 2.0	 -0.0418	  1.1006	 -0.2272	  1.4257	 0.0172	r	PC
 4.00	  2400	 0.0	 2.0	  0.0971	  0.9443	 -0.0715	  1.2240	 0.0497	r	PC
 4.50	  2400	 0.0	 2.0	  0.2126	  0.8175	  0.0493	  1.0786	 0.0782	r	PC
 5.00	  2400	 0.0	 2.0	  0.2036	  0.8240	  0.0628	  1.0435	 0.0869	r	PC
 5.50	  2400	 0.0	 2.0	  0.1931	  0.8166	  0.0750	  0.9991	 0.0739	r	PC
 6.00	  2400	 0.0	 2.0	  0.1612	  0.8316	  0.0668	  0.9769	 0.0587	r	PC
 2.50	  2500	 0.0	 2.0	 -0.0965	  1.0747	 -0.5759	  1.9396	 0.0332	r	PC
 3.00	  2500	 0.0	 2.0	 -0.1233	  1.1155	 -0.4832	  1.7501	 0.0216	r	PC
 3.50	  2500	 0.0	 2.0	 -0.0866	  1.1003	 -0.3480	  1.5519	 0.0325	r	PC
 4.00	  2500	 0.0	 2.0	 -0.0562	  1.1150	 -0.1997	  1.3597	 0.0210	r	PC
 4.50	  2500	 0.0	 2.0	  0.0759	  0.9750	 -0.0693	  1.2100	 0.0614	r	PC
 5.00	  2500	 0.0	 2.0	  0.1881	  0.8535	  0.0515	  1.0655	 0.0876	r	PC
 5.50	  2500	 0.0	 2.0	  0.1264	  0.9196	  0.0046	  1.1057	 0.0948	r	PC
 6.00	  2500	 0.0	 2.0	  0.1175	  0.9039	  0.0192	  1.0536	 0.0727	r	PC
 2.50	  2600	 0.0	 2.0	 -0.1258	  1.0997	 -0.6115	  1.9831	 0.0483	r	PC
 3.00	  2600	 0.0	 2.0	 -0.1867	  1.1637	 -0.5699	  1.8452	 0.0308	r	PC
 3.50	  2600	 0.0	 2.0	 -0.1544	  1.1377	 -0.4591	  1.6670	 0.0265	r	PC
 4.00	  2600	 0.0	 2.0	 -0.1307	  1.1527	 -0.3242	  1.4834	 0.0317	r	PC
 4.50	  2600	 0.0	 2.0	 -0.0904	  1.1617	 -0.2026	  1.3489	 0.0313	r	PC
 5.00	  2600	 0.0	 2.0	  0.0272	  1.0395	 -0.0940	  1.2296	 0.0791	r	PC
 5.50	  2600	 0.0	 2.0	  0.1272	  0.9296	  0.0053	  1.1147	 0.0968	r	PC
 6.00	  2600	 0.0	 2.0	  0.1646	  0.8792	  0.0548	  1.0436	 0.0950	r	PC
 2.50	  2700	 0.0	 2.0	 -0.0915	  1.0431	 -0.6145	  1.9939	 0.0454	r	PC
 3.00	  2700	 0.0	 2.0	 -0.1845	  1.1279	 -0.6241	  1.9076	 0.0288	r	PC
 3.50	  2700	 0.0	 2.0	 -0.2149	  1.1754	 -0.5408	  1.7465	 0.0178	r	PC
 4.00	  2700	 0.0	 2.0	 -0.2038	  1.1936	 -0.4229	  1.5723	 0.0220	r	PC
 4.50	  2700	 0.0	 2.0	 -0.1754	  1.2054	 -0.3232	  1.4560	 0.0351	r	PC
 5.00	  2700	 0.0	 2.0	 -0.1418	  1.2227	 -0.2268	  1.3614	 0.0403	r	PC
 5.50	  2700	 0.0	 2.0	 -0.0420	  1.1201	 -0.1394	  1.2701	 0.0806	r	PC
 6.00	  2700	 0.0	 2.0	  0.0447	  1.0219	 -0.0503	  1.1646	 0.0879	r	PC
 2.50	  2800	 0.0	 2.0	 -0.0396	  0.9802	 -0.5789	  1.9625	 0.0414	r	PC
 3.00	  2800	 0.0	 2.0	 -0.2157	  1.1662	 -0.6524	  1.9482	 0.0545	r	PC
 3.50	  2800	 0.0	 2.0	 -0.2248	  1.1507	 -0.6007	  1.8088	 0.0199	r	PC
 4.00	  2800	 0.0	 2.0	 -0.2625	  1.2234	 -0.4989	  1.6377	 0.0259	r	PC
 4.50	  2800	 0.0	 2.0	 -0.2427	  1.2323	 -0.4070	  1.5170	 0.0242	r	PC
 5.00	  2800	 0.0	 2.0	 -0.2149	  1.2476	 -0.3153	  1.4184	 0.0310	r	PC
 5.50	  2800	 0.0	 2.0	 -0.1592	  1.2164	 -0.2354	  1.3401	 0.0505	r	PC
 2.50	  2900	 0.0	 2.0	  0.0202	  0.9176	 -0.5103	  1.8852	 0.0368	r	PC
 3.00	  2900	 0.0	 2.0	 -0.1916	  1.1340	 -0.6392	  1.9344	 0.0492	r	PC
 3.50	  2900	 0.0	 2.0	 -0.2569	  1.1803	 -0.6265	  1.8327	 0.0424	r	PC
 4.00	  2900	 0.0	 2.0	 -0.2748	  1.1995	 -0.5354	  1.6562	 0.0323	r	PC
 4.50	  2900	 0.0	 2.0	 -0.2902	  1.2455	 -0.4542	  1.5351	 0.0354	r	PC
 5.00	  2900	 0.0	 2.0	 -0.2727	  1.2610	 -0.3746	  1.4405	 0.0290	r	PC
 5.50	  2900	 0.0	 2.0	 -0.2291	  1.2514	 -0.3005	  1.3741	 0.0331	r	PC
 6.00	  2900	 0.0	 2.0	 -0.1590	  1.2058	 -0.2198	  1.3040	 0.0477	r	PC
 2.50	  3000	 0.0	 2.0	  0.0415	  0.9346	 -0.4068	  1.7659	 0.0527	r	PC
 3.00	  3000	 0.0	 2.0	 -0.1582	  1.1006	 -0.5910	  1.8729	 0.0421	r	PC
 3.50	  3000	 0.0	 2.0	 -0.2434	  1.1546	 -0.6126	  1.8048	 0.0403	r	PC
 4.00	  3000	 0.0	 2.0	 -0.2719	  1.1684	 -0.5485	  1.6523	 0.0346	r	PC
 4.50	  3000	 0.0	 2.0	 -0.3003	  1.2170	 -0.4845	  1.5426	 0.0458	r	PC
 5.50	  3000	 0.0	 2.0	 -0.2708	  1.2449	 -0.3377	  1.3654	 0.0363	r	PC
 6.00	  3000	 0.0	 2.0	 -0.2242	  1.2284	 -0.2681	  1.3050	 0.0313	r	PC
 2.50	  3100	 0.0	 2.0	  0.1711	  0.8038	 -0.2341	  1.5610	 0.0456	r	PC
 3.00	  3100	 0.0	 2.0	 -0.1172	  1.0634	 -0.5394	  1.8172	 0.0362	r	PC
 3.50	  3100	 0.0	 2.0	 -0.2185	  1.1237	 -0.6010	  1.7969	 0.0366	r	PC
 4.00	  3100	 0.0	 2.0	 -0.2586	  1.1365	 -0.5556	  1.6554	 0.0345	r	PC
 4.50	  3100	 0.0	 2.0	 -0.2938	  1.1785	 -0.4986	  1.5396	 0.0496	r	PC
 5.00	  3100	 0.0	 2.0	 -0.2998	  1.2004	 -0.4230	  1.4211	 0.0494	r	PC
 5.50	  3100	 0.0	 2.0	 -0.2883	  1.2159	 -0.3605	  1.3482	 0.0470	r	PC
 6.00	  3100	 0.0	 2.0	 -0.2627	  1.2207	 -0.3048	  1.2991	 0.0398	r	PC
 2.50	  3200	 0.0	 2.0	  0.1461	  0.7999	 -0.2870	  1.6135	 0.0675	r	PC
 3.00	  3200	 0.0	 2.0	 -0.0417	  0.9848	 -0.4604	  1.7345	 0.0310	r	PC
 3.50	  3200	 0.0	 2.0	 -0.1741	  1.0724	 -0.5782	  1.7836	 0.0310	r	PC
 4.00	  3200	 0.0	 2.0	 -0.2302	  1.0943	 -0.5551	  1.6608	 0.0315	r	PC
 4.50	  3200	 0.0	 2.0	 -0.2781	  1.1380	 -0.5084	  1.5424	 0.0494	r	PC
 5.00	  3200	 0.0	 2.0	 -0.2923	  1.1574	 -0.4344	  1.4105	 0.0525	r	PC
 5.50	  3200	 0.0	 2.0	 -0.2900	  1.1748	 -0.3751	  1.3301	 0.0523	r	PC
 6.00	  3200	 0.0	 2.0	 -0.2707	  1.1834	 -0.3193	  1.2743	 0.0464	r	PC
 2.50	  3300	 0.0	 2.0	  0.1915	  0.7042	 -0.3119	  1.6525	 0.0726	r	PC
 3.00	  3300	 0.0	 2.0	  0.0435	  0.8736	 -0.3918	  1.6593	 0.0413	r	PC
 3.50	  3300	 0.0	 2.0	 -0.1327	  1.0295	 -0.5309	  1.7347	 0.0432	r	PC
 4.00	  3300	 0.0	 2.0	 -0.2082	  1.0689	 -0.5361	  1.6427	 0.0424	r	PC
 4.50	  3300	 0.0	 2.0	 -0.2481	  1.0871	 -0.5028	  1.5317	 0.0436	r	PC
 5.00	  3300	 0.0	 2.0	 -0.2742	  1.1117	 -0.4414	  1.4063	 0.0494	r	PC
 5.50	  3300	 0.0	 2.0	 -0.2796	  1.1281	 -0.3832	  1.3137	 0.0505	r	PC
 6.00	  3300	 0.0	 2.0	 -0.2773	  1.1501	 -0.3370	  1.2603	 0.0494	r	PC
 2.50	  3400	 0.0	 2.0	  0.2571	  0.5751	 -0.3292	  1.6721	 0.0720	r	PC
 3.00	  3400	 0.0	 2.0	  0.1086	  0.7522	 -0.3691	  1.6185	 0.0690	r	PC
 3.50	  3400	 0.0	 2.0	 -0.0621	  0.9357	 -0.4693	  1.6582	 0.0536	r	PC
 4.00	  3400	 0.0	 2.0	 -0.1691	  1.0198	 -0.5014	  1.6017	 0.0507	r	PC
 4.50	  3400	 0.0	 2.0	 -0.2278	  1.0573	 -0.4888	  1.5129	 0.0520	r	PC
 5.00	  3400	 0.0	 2.0	 -0.2524	  1.0676	 -0.4438	  1.4015	 0.0429	r	PC
 5.50	  3400	 0.0	 2.0	 -0.2703	  1.0917	 -0.3899	  1.3034	 0.0464	r	PC
 6.00	  3400	 0.0	 2.0	 -0.2813	  1.1224	 -0.3530	  1.2527	 0.0485	r	PC
 2.50	  3500	 0.0	 2.0	  0.3129	  0.4788	 -0.3110	  1.6454	 0.0871	r	PC
 3.00	  3500	 0.0	 2.0	  0.2167	  0.6008	 -0.2830	  1.5074	 0.0799	r	PC
 3.50	  3500	 0.0	 2.0	  0.0428	  0.7840	 -0.4019	  1.5697	 0.0506	r	PC
 4.00	  3500	 0.0	 2.0	 -0.0979	  0.9187	 -0.4609	  1.5500	 0.0382	r	PC
 4.50	  3500	 0.0	 2.0	 -0.1839	  0.9927	 -0.4710	  1.4898	 0.0394	r	PC
 5.00	  3500	 0.0	 2.0	 -0.2274	  1.0232	 -0.4402	  1.3914	 0.0343	r	PC
 5.50	  3500	 0.0	 2.0	 -0.2624	  1.0616	 -0.3962	  1.2962	 0.0418	r	PC
 6.00	  3500	 0.0	 2.0	 -0.2822	  1.0957	 -0.3639	  1.2426	 0.0477	r	PC
 2.50	  3600	 0.0	 2.0	  0.3988	  0.3524	 -0.2649	  1.5869	 0.0821	r	PC
 3.00	  3600	 0.0	 2.0	  0.3278	  0.4527	 -0.1765	  1.3710	 0.1043	r	PC
 3.50	  3600	 0.0	 2.0	  0.1366	  0.6635	 -0.3118	  1.4571	 0.0621	r	PC
 4.00	  3600	 0.0	 2.0	 -0.0282	  0.8273	 -0.4065	  1.4832	 0.0347	r	PC
 4.50	  3600	 0.0	 2.0	 -0.1573	  0.9583	 -0.4482	  1.4618	 0.0506	r	PC
 5.00	  3600	 0.0	 2.0	 -0.2139	  1.0007	 -0.4336	  1.3800	 0.0363	r	PC
 5.50	  3600	 0.0	 2.0	 -0.2497	  1.0319	 -0.3969	  1.2877	 0.0354	r	PC
 6.00	  3600	 0.0	 2.0	 -0.2848	  1.0780	 -0.3756	  1.2399	 0.0453	r	PC
 2.50	  3700	 0.0	 2.0	  0.4262	  0.3279	 -0.2175	  1.5302	 0.0992	r	PC
 3.00	  3700	 0.0	 2.0	  0.4038	  0.3507	 -0.1139	  1.2925	 0.1006	r	PC
 3.50	  3700	 0.0	 2.0	  0.2409	  0.5400	 -0.1983	  1.3196	 0.0774	r	PC
 4.00	  3700	 0.0	 2.0	  0.0448	  0.7428	 -0.3320	  1.3960	 0.0387	r	PC
 4.50	  3700	 0.0	 2.0	 -0.1171	  0.9080	 -0.4181	  1.4273	 0.0487	r	PC
 5.00	  3700	 0.0	 2.0	 -0.1929	  0.9703	 -0.4260	  1.3705	 0.0283	r	PC
 5.50	  3700	 0.0	 2.0	 -0.2433	  1.0147	 -0.3970	  1.2807	 0.0320	r	PC
 6.00	  3700	 0.0	 2.0	 -0.2805	  1.0579	 -0.3802	  1.2340	 0.0413	r	PC
 2.50	  3800	 0.0	 2.0	  0.4315	  0.3331	 -0.1967	  1.5086	 0.1081	r	PC
 3.00	  3800	 0.0	 2.0	  0.4140	  0.3487	 -0.0884	  1.2652	 0.1121	r	PC
 3.50	  3800	 0.0	 2.0	  0.3453	  0.4163	 -0.1002	  1.2044	 0.0620	r	PC
 4.00	  3800	 0.0	 2.0	  0.1287	  0.6551	 -0.2349	  1.2863	 0.0455	r	PC
 4.50	  3800	 0.0	 2.0	 -0.0732	  0.8618	 -0.3727	  1.3780	 0.0515	r	PC
 5.00	  3800	 0.0	 2.0	 -0.1704	  0.9395	 -0.4126	  1.3540	 0.0245	r	PC
 5.50	  3800	 0.0	 2.0	 -0.2332	  0.9947	 -0.3948	  1.2731	 0.0276	r	PC
 6.00	  3800	 0.0	 2.0	 -0.2748	  1.0377	 -0.3818	  1.2254	 0.0385	r	PC
 2.50	  3900	 0.0	 2.0	  0.4584	  0.2947	 -0.2080	  1.5276	 0.0693	r	PC
 3.00	  3900	 0.0	 2.0	  0.4539	  0.2900	 -0.0946	  1.2772	 0.0770	r	PC
 3.50	  3900	 0.0	 2.0	  0.4235	  0.3222	 -0.0186	  1.1045	 0.0764	r	PC
 4.00	  3900	 0.0	 2.0	  0.2066	  0.5665	 -0.1472	  1.1822	 0.0575	r	PC
 4.50	  3900	 0.0	 2.0	  0.0062	  0.7664	 -0.3074	  1.3038	 0.0296	r	PC
 5.00	  3900	 0.0	 2.0	 -0.1445	  0.9137	 -0.3860	  1.3266	 0.0242	r	PC
 5.50	  3900	 0.0	 2.0	 -0.2183	  0.9708	 -0.3856	  1.2579	 0.0246	r	PC
 6.00	  3900	 0.0	 2.0	 -0.2658	  1.0162	 -0.3791	  1.2138	 0.0357	r	PC
 2.50	  4000	 0.0	 2.0	  0.4205	  0.3464	 -0.2419	  1.5715	 0.0732	r	PC
 3.00	  4000	 0.0	 2.0	  0.4192	  0.3412	 -0.1196	  1.3115	 0.0815	r	PC
 3.50	  4000	 0.0	 2.0	  0.4145	  0.3452	 -0.0003	  1.0842	 0.0885	r	PC
 4.00	  4000	 0.0	 2.0	  0.2779	  0.4933	 -0.0595	  1.0822	 0.0679	r	PC
 4.50	  4000	 0.0	 2.0	  0.0740	  0.6981	 -0.2238	  1.2101	 0.0359	r	PC
 5.00	  4000	 0.0	 2.0	 -0.0989	  0.8627	 -0.3387	  1.2728	 0.0267	r	PC
 5.50	  4000	 0.0	 2.0	 -0.1963	  0.9438	 -0.3648	  1.2328	 0.0233	r	PC
 6.00	  4000	 0.0	 2.0	 -0.2450	  0.9785	 -0.3666	  1.1892	 0.0317	r	PC
 2.50	  4100	 0.0	 2.0	  0.3802	  0.3965	 -0.2810	  1.6193	 0.0812	r	PC
 3.00	  4100	 0.0	 2.0	  0.3678	  0.4116	 -0.1543	  1.3549	 0.0912	r	PC
 3.50	  4100	 0.0	 2.0	  0.3760	  0.3967	 -0.0306	  1.1220	 0.0949	r	PC
 4.00	  4100	 0.0	 2.0	  0.3392	  0.4282	  0.0138	  0.9974	 0.0811	r	PC
 4.50	  4100	 0.0	 2.0	  0.1620	  0.6121	 -0.1202	  1.0976	 0.0401	r	PC
 5.00	  4100	 0.0	 2.0	 -0.0333	  0.7946	 -0.2667	  1.1941	 0.0299	r	PC
 5.50	  4100	 0.0	 2.0	 -0.1556	  0.8984	 -0.3280	  1.1930	 0.0214	r	PC
 6.00	  4100	 0.0	 2.0	 -0.2242	  0.9511	 -0.3493	  1.1671	 0.0291	r	PC
 2.50	  4200	 0.0	 2.0	  0.3485	  0.4311	 -0.3189	  1.6635	 0.0880	r	PC
 3.00	  4200	 0.0	 2.0	  0.3327	  0.4525	 -0.1882	  1.3937	 0.1015	r	PC
 3.50	  4200	 0.0	 2.0	  0.3794	  0.3785	 -0.0606	  1.1558	 0.0640	r	PC
 4.00	  4200	 0.0	 2.0	  0.3861	  0.3667	  0.0517	  0.9504	 0.0628	r	PC
 4.50	  4200	 0.0	 2.0	  0.2379	  0.5266	 -0.0325	  0.9934	 0.0517	r	PC
 5.00	  4200	 0.0	 2.0	  0.0432	  0.7177	 -0.1798	  1.1002	 0.0344	r	PC
 5.50	  4200	 0.0	 2.0	 -0.0822	  0.8073	 -0.2639	  1.1158	 0.0158	r	PC
 6.00	  4200	 0.0	 2.0	 -0.1915	  0.9125	 -0.3197	  1.1330	 0.0264	r	PC
 2.50	  4300	 0.0	 2.0	  0.3129	  0.4723	 -0.3546	  1.7042	 0.0956	r	PC
 3.00	  4300	 0.0	 2.0	  0.3038	  0.4830	 -0.2193	  1.4278	 0.1098	r	PC
 3.50	  4300	 0.0	 2.0	  0.3544	  0.4038	 -0.0887	  1.1859	 0.0700	r	PC
 4.00	  4300	 0.0	 2.0	  0.3631	  0.3891	  0.0307	  0.9706	 0.0716	r	PC
 4.50	  4300	 0.0	 2.0	  0.3008	  0.4614	  0.0405	  0.9114	 0.0608	r	PC
 5.00	  4300	 0.0	 2.0	  0.1272	  0.6394	 -0.0850	  1.0034	 0.0364	r	PC
 5.50	  4300	 0.0	 2.0	 -0.0363	  0.7836	 -0.2003	  1.0637	 0.0181	r	PC
 6.00	  4300	 0.0	 2.0	 -0.1462	  0.8638	 -0.2765	  1.0872	 0.0231	r	PC
 2.50	  4400	 0.0	 2.0	  0.2827	  0.5051	 -0.3887	  1.7425	 0.0979	r	PC
 3.00	  4400	 0.0	 2.0	  0.2802	  0.5058	 -0.2476	  1.4573	 0.1139	r	PC
 3.50	  4400	 0.0	 2.0	  0.3315	  0.4256	 -0.1163	  1.2152	 0.0748	r	PC
 4.00	  4400	 0.0	 2.0	  0.3440	  0.4074	  0.0087	  0.9938	 0.0772	r	PC
 4.50	  4400	 0.0	 2.0	  0.3407	  0.4106	  0.0873	  0.8502	 0.0759	r	PC
 5.00	  4400	 0.0	 2.0	  0.2328	  0.5083	  0.0028	  0.8994	 0.0180	r	PC
 5.50	  4400	 0.0	 2.0	  0.0469	  0.6955	 -0.1158	  0.9727	 0.0156	r	PC
 6.00	  4400	 0.0	 2.0	 -0.0978	  0.8268	 -0.2256	  1.0452	 0.0200	r	PC
 2.50	  4500	 0.0	 2.0	  0.2575	  0.5301	 -0.4210	  1.7779	 0.0976	r	PC
 3.00	  4500	 0.0	 2.0	  0.2625	  0.5176	 -0.2759	  1.4857	 0.1146	r	PC
 3.50	  4500	 0.0	 2.0	  0.3109	  0.4440	 -0.1445	  1.2455	 0.0761	r	PC
 4.00	  4500	 0.0	 2.0	  0.3259	  0.4223	 -0.0171	  1.0207	 0.0802	r	PC
 4.50	  4500	 0.0	 2.0	  0.3289	  0.4183	  0.0789	  0.8535	 0.0837	r	PC
 5.00	  4500	 0.0	 2.0	  0.2876	  0.4577	  0.0645	  0.8364	 0.0231	r	PC
 5.50	  4500	 0.0	 2.0	  0.1254	  0.6232	 -0.0347	  0.8950	 0.0117	r	PC
 6.00	  4500	 0.0	 2.0	 -0.0268	  0.7542	 -0.1556	  0.9734	 0.0165	r	PC
 2.50	  4600	 0.0	 2.0	  0.2366	  0.5480	 -0.4526	  1.8127	 0.0967	r	PC
 3.00	  4600	 0.0	 2.0	  0.2361	  0.5466	 -0.3045	  1.5177	 0.1147	r	PC
 3.50	  4600	 0.0	 2.0	  0.2912	  0.4606	 -0.1732	  1.2767	 0.0759	r	PC
 4.00	  4600	 0.0	 2.0	  0.3057	  0.4403	 -0.0440	  1.0495	 0.0817	r	PC
 4.50	  4600	 0.0	 2.0	  0.3351	  0.3963	  0.0556	  0.8771	 0.0485	r	PC
 5.00	  4600	 0.0	 2.0	  0.3292	  0.4040	  0.1048	  0.7850	 0.0316	r	PC
 5.50	  4600	 0.0	 2.0	  0.2050	  0.5343	  0.0391	  0.8140	 0.0102	r	PC
 6.00	  4600	 0.0	 2.0	  0.0447	  0.6863	 -0.0828	  0.9024	 0.0138	r	PC
 2.50	  4700	 0.0	 2.0	  0.2267	  0.5477	 -0.4837	  1.8468	 0.0939	r	PC
 3.00	  4700	 0.0	 2.0	  0.2188	  0.5593	 -0.3325	  1.5478	 0.1140	r	PC
 3.50	  4700	 0.0	 2.0	  0.2721	  0.4763	 -0.2019	  1.3081	 0.0754	r	PC
 4.00	  4700	 0.0	 2.0	  0.2877	  0.4546	 -0.0706	  1.0777	 0.0812	r	PC
 4.50	  4700	 0.0	 2.0	  0.3154	  0.4139	  0.0289	  0.9059	 0.0485	r	PC
 5.00	  4700	 0.0	 2.0	  0.3243	  0.4039	  0.0997	  0.7860	 0.0349	r	PC
 5.50	  4700	 0.0	 2.0	  0.2585	  0.4802	  0.0893	  0.7638	 0.0142	r	PC
 6.00	  4700	 0.0	 2.0	  0.1136	  0.6249	 -0.0172	  0.8446	 0.0104	r	PC
 2.50	  4800	 0.0	 2.0	  0.2075	  0.5655	 -0.5132	  1.8822	 0.0956	r	PC
 3.00	  4800	 0.0	 2.0	  0.2021	  0.5707	 -0.3640	  1.5844	 0.1147	r	PC
 3.50	  4800	 0.0	 2.0	  0.2557	  0.4877	 -0.2300	  1.3389	 0.0744	r	PC
 4.00	  4800	 0.0	 2.0	  0.2700	  0.4685	 -0.0979	  1.1074	 0.0809	r	PC
 4.50	  4800	 0.0	 2.0	  0.2972	  0.4290	  0.0017	  0.9357	 0.0475	r	PC
 5.00	  4800	 0.0	 2.0	  0.3114	  0.4131	  0.0814	  0.8044	 0.0345	r	PC
 5.50	  4800	 0.0	 2.0	  0.3051	  0.4189	  0.1269	  0.7161	 0.0194	r	PC
 6.00	  4800	 0.0	 2.0	  0.1908	  0.5359	  0.0471	  0.7743	 0.0130	r	PC
 2.50	  4900	 0.0	 2.0	  0.1929	  0.5739	 -0.5481	  1.9270	 0.0975	r	PC
 3.00	  4900	 0.0	 2.0	  0.1874	  0.5795	 -0.3976	  1.6258	 0.1154	r	PC
 3.50	  4900	 0.0	 2.0	  0.2405	  0.4973	 -0.2590	  1.3719	 0.0740	r	PC
 4.00	  4900	 0.0	 2.0	  0.2573	  0.4735	 -0.1241	  1.1347	 0.0806	r	PC
 4.50	  4900	 0.0	 2.0	  0.2790	  0.4444	 -0.0282	  0.9701	 0.0467	r	PC
 5.00	  4900	 0.0	 2.0	  0.2929	  0.4291	  0.0542	  0.8345	 0.0334	r	PC
 5.50	  4900	 0.0	 2.0	  0.2985	  0.4224	  0.1244	  0.7141	 0.0218	r	PC
 6.00	  4900	 0.0	 2.0	  0.2204	  0.5141	  0.0781	  0.7496	 0.0152	r	PC
 2.50	  5100	 0.0	 2.0	  0.1653	  0.5864	 -0.6385	  2.0637	 0.1170	r	PC
 3.00	  5100	 0.0	 2.0	  0.1660	  0.5819	 -0.4827	  1.7454	 0.1304	r	PC
 3.50	  5100	 0.0	 2.0	  0.2261	  0.4875	 -0.3499	  1.4966	 0.0817	r	PC
 4.00	  5100	 0.0	 2.0	  0.2194	  0.4981	 -0.2148	  1.2501	 0.0851	r	PC
 4.50	  5100	 0.0	 2.0	  0.2486	  0.4572	 -0.1164	  1.0810	 0.0489	r	PC
 5.00	  5100	 0.0	 2.0	  0.2591	  0.4473	 -0.0070	  0.8983	 0.0339	r	PC
 5.50	  5100	 0.0	 2.0	  0.2815	  0.4182	  0.0627	  0.7851	 0.0186	r	PC
 6.00	  5100	 0.0	 2.0	  0.2648	  0.4410	  0.1041	  0.7062	 0.0203	r	PC
 2.50	  5200	 0.0	 2.0	  0.1558	  0.5916	 -0.6595	  2.0890	 0.1190	r	PC
 3.00	  5200	 0.0	 2.0	  0.1575	  0.5844	 -0.5035	  1.7689	 0.1321	r	PC
 3.50	  5200	 0.0	 2.0	  0.2185	  0.4881	 -0.3694	  1.5173	 0.0825	r	PC
 4.00	  5200	 0.0	 2.0	  0.2073	  0.5042	 -0.2386	  1.2758	 0.0857	r	PC
 4.50	  5200	 0.0	 2.0	  0.2354	  0.4646	 -0.1379	  1.1021	 0.0488	r	PC
 5.00	  5200	 0.0	 2.0	  0.2442	  0.4571	 -0.0283	  0.9184	 0.0333	r	PC
 5.50	  5200	 0.0	 2.0	  0.2661	  0.4291	  0.0414	  0.8054	 0.0181	r	PC
 6.00	  5200	 0.0	 2.0	  0.2502	  0.4534	  0.0870	  0.7226	 0.0207	r	PC
 2.50	  5300	 0.0	 2.0	  0.1414	  0.6025	 -0.6918	  2.1325	 0.1222	r	PC
 3.00	  5300	 0.0	 2.0	  0.1542	  0.5786	 -0.5232	  1.7910	 0.1347	r	PC
 3.50	  5300	 0.0	 2.0	  0.1951	  0.5108	 -0.4084	  1.5653	 0.0817	r	PC
 4.00	  5300	 0.0	 2.0	  0.1976	  0.5076	 -0.2613	  1.3009	 0.0860	r	PC
 4.50	  5300	 0.0	 2.0	  0.2239	  0.4700	 -0.1580	  1.1216	 0.0486	r	PC
 5.00	  5300	 0.0	 2.0	  0.2324	  0.4624	 -0.0477	  0.9358	 0.0328	r	PC
 5.50	  5300	 0.0	 2.0	  0.2420	  0.4541	  0.0118	  0.8385	 0.0202	r	PC
 6.00	  5300	 0.0	 2.0	  0.2355	  0.4621	  0.0631	  0.7458	 0.0223	r	PC
 2.50	  5400	 0.0	 2.0	  0.1318	  0.6093	 -0.7117	  2.1580	 0.1248	r	PC
 3.00	  5400	 0.0	 2.0	  0.1431	  0.5858	 -0.5464	  1.8196	 0.1372	r	PC
 3.50	  5400	 0.0	 2.0	  0.1914	  0.5062	 -0.4266	  1.5849	 0.0822	r	PC
 4.00	  5400	 0.0	 2.0	  0.1903	  0.5075	 -0.2838	  1.3263	 0.0870	r	PC
 4.50	  5400	 0.0	 2.0	  0.2146	  0.4726	 -0.1767	  1.1397	 0.0486	r	PC
 5.00	  5400	 0.0	 2.0	  0.2251	  0.4600	 -0.0643	  0.9487	 0.0324	r	PC
 5.50	  5400	 0.0	 2.0	  0.2124	  0.4783	 -0.0306	  0.8829	 0.0211	r	PC
 6.00	  5400	 0.0	 2.0	  0.2188	  0.4739	  0.0393	  0.7689	 0.0238	r	PC
 2.50	  5500	 0.0	 2.0	  0.1241	  0.6109	 -0.7469	  2.2110	 0.1268	r	PC
 3.00	  5500	 0.0	 2.0	  0.1277	  0.5964	 -0.5968	  1.8934	 0.1389	r	PC
 3.50	  5500	 0.0	 2.0	  0.1802	  0.5137	 -0.4502	  1.6141	 0.0843	r	PC
 4.00	  5500	 0.0	 2.0	  0.1805	  0.5122	 -0.3096	  1.3582	 0.0880	r	PC
 4.50	  5500	 0.0	 2.0	  0.2080	  0.4707	 -0.1945	  1.1563	 0.0485	r	PC
 5.00	  5500	 0.0	 2.0	  0.2152	  0.4636	 -0.0815	  0.9642	 0.0321	r	PC
 5.50	  5500	 0.0	 2.0	  0.1966	  0.4895	 -0.0520	  0.9030	 0.0217	r	PC
 6.00	  5500	 0.0	 2.0	  0.2031	  0.4844	  0.0156	  0.7922	 0.0253	r	PC
 2.50	  5600	 0.0	 2.0	  0.1147	  0.6158	 -0.7780	  2.2570	 0.1269	r	PC
 3.00	  5600	 0.0	 2.0	  0.1864	  0.4983	 -0.6242	  1.9315	 0.0694	r	PC
 3.50	  5600	 0.0	 2.0	  0.1718	  0.5177	 -0.4689	  1.6358	 0.0854	r	PC
 4.00	  5600	 0.0	 2.0	  0.1725	  0.5148	 -0.3291	  1.3803	 0.0892	r	PC
 4.50	  5600	 0.0	 2.0	  0.2003	  0.4722	 -0.2108	  1.1720	 0.0487	r	PC
 5.00	  5600	 0.0	 2.0	  0.1810	  0.4964	 -0.1291	  1.0175	 0.0328	r	PC
 5.50	  5600	 0.0	 2.0	  0.1858	  0.4921	 -0.0727	  0.9214	 0.0232	r	PC
 6.00	  5600	 0.0	 2.0	  0.1882	  0.4936	 -0.0066	  0.8131	 0.0268	r	PC
 2.50	  5700	 0.0	 2.0	  0.1068	  0.6185	 -0.8059	  2.2962	 0.1276	r	PC
 3.00	  5700	 0.0	 2.0	  0.1101	  0.6086	 -0.6498	  1.9669	 0.1417	r	PC
 3.50	  5700	 0.0	 2.0	  0.1660	  0.5178	 -0.4867	  1.6564	 0.0862	r	PC
 4.00	  5700	 0.0	 2.0	  0.1682	  0.5119	 -0.3462	  1.3988	 0.0896	r	PC
 4.50	  5700	 0.0	 2.0	  0.1916	  0.4759	 -0.2262	  1.1867	 0.0490	r	PC
 5.00	  5700	 0.0	 2.0	  0.1704	  0.5008	 -0.1476	  1.0347	 0.0330	r	PC
 5.50	  5700	 0.0	 2.0	  0.1738	  0.4976	 -0.0916	  0.9380	 0.0243	r	PC
 6.00	  5700	 0.0	 2.0	  0.1749	  0.5006	 -0.0273	  0.8320	 0.0285	r	PC
 2.50	  5800	 0.0	 2.0	  0.0949	  0.6292	 -0.8381	  2.3471	 0.1302	r	PC
 3.00	  5800	 0.0	 2.0	  0.1688	  0.5083	 -0.6762	  2.0029	 0.0721	r	PC
 3.50	  5800	 0.0	 2.0	  0.1621	  0.5193	 -0.5071	  1.6872	 0.0868	r	PC
 4.00	  5800	 0.0	 2.0	  0.1608	  0.5143	 -0.3622	  1.4159	 0.0908	r	PC
 4.50	  5800	 0.0	 2.0	  0.1617	  0.5041	 -0.2700	  1.2369	 0.0492	r	PC
 5.00	  5800	 0.0	 2.0	  0.1602	  0.5051	 -0.1656	  1.0518	 0.0334	r	PC
 5.50	  5800	 0.0	 2.0	  0.1630	  0.5020	 -0.1090	  0.9530	 0.0255	r	PC
 6.00	  5800	 0.0	 2.0	  0.1631	  0.5058	 -0.0462	  0.8488	 0.0301	r	PC
 2.50	  5900	 0.0	 2.0	  0.0852	  0.6339	 -0.8686	  2.3895	 0.1307	r	PC
 3.00	  5900	 0.0	 2.0	  0.1613	  0.5114	 -0.6980	  2.0308	 0.0723	r	PC
 3.50	  5900	 0.0	 2.0	  0.1485	  0.5277	 -0.5301	  1.7116	 0.0884	r	PC
 4.00	  5900	 0.0	 2.0	  0.1537	  0.5165	 -0.3776	  1.4320	 0.0920	r	PC
 4.50	  5900	 0.0	 2.0	  0.1587	  0.5031	 -0.2796	  1.2465	 0.0495	r	PC
 5.00	  5900	 0.0	 2.0	  0.1510	  0.5084	 -0.1830	  1.0686	 0.0338	r	PC
 5.50	  5900	 0.0	 2.0	  0.1582	  0.5016	 -0.1188	  0.9607	 0.0267	r	PC
 6.00	  5900	 0.0	 2.0	  0.1535	  0.5081	 -0.0636	  0.8636	 0.0319	r	PC
 2.50	  6000	 0.0	 2.0	  0.0780	  0.6373	 -0.8827	  2.4032	 0.1313	r	PC
 3.00	  6000	 0.0	 2.0	  0.1554	  0.5120	 -0.7175	  2.0551	 0.0726	r	PC
 3.50	  6000	 0.0	 2.0	  0.1439	  0.5266	 -0.5517	  1.7395	 0.0886	r	PC
 4.00	  6000	 0.0	 2.0	  0.1470	  0.5184	 -0.3919	  1.4468	 0.0931	r	PC
 4.50	  6000	 0.0	 2.0	  0.1449	  0.5105	 -0.3006	  1.2660	 0.0502	r	PC
 5.00	  6000	 0.0	 2.0	  0.1436	  0.5094	 -0.1998	  1.0849	 0.0342	r	PC
 5.50	  6000	 0.0	 2.0	  0.1456	  0.5056	 -0.1390	  0.9771	 0.0280	r	PC
 6.00	  6000	 0.0	 2.0	  0.1471	  0.5092	 -0.0739	  0.8709	 0.0330	r	PC
 2.50	  6100	 0.0	 2.0	  0.0673	  0.6422	 -0.9298	  2.4778	 0.1300	r	PC
 3.00	  6100	 0.0	 2.0	  0.1479	  0.5153	 -0.7370	  2.0792	 0.0724	r	PC
 3.50	  6100	 0.0	 2.0	  0.1396	  0.5268	 -0.5749	  1.7727	 0.0890	r	PC
 4.00	  6100	 0.0	 2.0	  0.1445	  0.5170	 -0.4008	  1.4563	 0.0934	r	PC
 4.50	  6100	 0.0	 2.0	  0.1371	  0.5131	 -0.3154	  1.2803	 0.0507	r	PC
 5.00	  6100	 0.0	 2.0	  0.1397	  0.5089	 -0.2109	  1.0963	 0.0346	r	PC
 5.50	  6100	 0.0	 2.0	  0.1369	  0.5085	 -0.1528	  0.9882	 0.0287	r	PC
 6.00	  6100	 0.0	 2.0	  0.1112	  0.5424	 -0.1193	  0.9190	 0.0380	r	PC
 2.50	  6200	 0.0	 2.0	  0.0627	  0.6434	 -0.9357	  2.4777	 0.1297	r	PC
 3.00	  6200	 0.0	 2.0	  0.1405	  0.5180	 -0.7573	  2.1044	 0.0719	r	PC
 3.50	  6200	 0.0	 2.0	  0.1318	  0.5288	 -0.5970	  1.7994	 0.0894	r	PC
 4.00	  6200	 0.0	 2.0	  0.1386	  0.5179	 -0.4139	  1.4693	 0.0944	r	PC
 4.50	  6200	 0.0	 2.0	  0.1314	  0.5133	 -0.3283	  1.2923	 0.0511	r	PC
 5.00	  6200	 0.0	 2.0	  0.1323	  0.5105	 -0.2276	  1.1134	 0.0349	r	PC
 5.50	  6200	 0.0	 2.0	  0.1077	  0.5372	 -0.1887	  1.0273	 0.0322	r	PC
 6.00	  6200	 0.0	 2.0	  0.0920	  0.5549	 -0.1440	  0.9408	 0.0387	r	PC
 2.50	  6300	 0.0	 2.0	  0.0502	  0.6486	 -0.9869	  2.5574	 0.1284	r	PC
 3.00	  6300	 0.0	 2.0	  0.1345	  0.5186	 -0.7784	  2.1312	 0.0711	r	PC
 3.50	  6300	 0.0	 2.0	  0.1298	  0.5242	 -0.6246	  1.8392	 0.0886	r	PC
 4.00	  6300	 0.0	 2.0	  0.1309	  0.5195	 -0.4297	  1.4848	 0.0955	r	PC
 4.50	  6300	 0.0	 2.0	  0.1279	  0.5126	 -0.3392	  1.3039	 0.0512	r	PC
 5.00	  6300	 0.0	 2.0	  0.1265	  0.5071	 -0.2491	  1.1362	 0.0353	r	PC
 5.50	  6300	 0.0	 2.0	  0.0917	  0.5474	 -0.2086	  1.0443	 0.0323	r	PC
 6.00	  6300	 0.0	 2.0	  0.0797	  0.5616	 -0.1623	  0.9573	 0.0395	r	PC
 2.50	  6400	 0.0	 2.0	  0.0451	  0.6524	 -0.9901	  2.5531	 0.1283	r	PC
 3.00	  6400	 0.0	 2.0	  0.0534	  0.6358	 -0.8041	  2.1660	 0.1472	r	PC
 3.50	  6400	 0.0	 2.0	  0.1226	  0.5264	 -0.6446	  1.8635	 0.0889	r	PC
 4.00	  6400	 0.0	 2.0	  0.1261	  0.5193	 -0.4421	  1.4976	 0.0960	r	PC
 4.50	  6400	 0.0	 2.0	  0.1226	  0.5109	 -0.3558	  1.3214	 0.0515	r	PC
 5.00	  6400	 0.0	 2.0	  0.1191	  0.5106	 -0.2647	  1.1536	 0.0354	r	PC
 5.50	  6400	 0.0	 2.0	  0.0815	  0.5505	 -0.2246	  1.0568	 0.0329	r	PC
 6.00	  6400	 0.0	 2.0	  0.0688	  0.5668	 -0.1788	  0.9718	 0.0401	r	PC
 2.50	  6500	 0.0	 2.0	  0.0351	  0.6586	 -1.0163	  2.5886	 0.1282	r	PC
 3.00	  6500	 0.0	 2.0	  0.0442	  0.6413	 -0.8325	  2.2057	 0.1472	r	PC
 3.50	  6500	 0.0	 2.0	  0.1151	  0.5289	 -0.6695	  1.8964	 0.0886	r	PC
 4.00	  6500	 0.0	 2.0	  0.1197	  0.5215	 -0.4563	  1.5132	 0.0964	r	PC
 4.50	  6500	 0.0	 2.0	  0.1197	  0.5093	 -0.3728	  1.3440	 0.0513	r	PC
 5.00	  6500	 0.0	 2.0	  0.1149	  0.5093	 -0.2801	  1.1713	 0.0353	r	PC
 5.50	  6500	 0.0	 2.0	  0.0760	  0.5514	 -0.2334	  1.0633	 0.0334	r	PC
 6.00	  6500	 0.0	 2.0	  0.0629	  0.5648	 -0.1903	  0.9791	 0.0402	r	PC
 2.50	  6600	 0.0	 2.0	  0.0249	  0.6642	 -1.0403	  2.6173	 0.1287	r	PC
 3.00	  6600	 0.0	 2.0	  0.0344	  0.6477	 -0.8608	  2.2450	 0.1481	r	PC
 3.50	  6600	 0.0	 2.0	  0.1078	  0.5326	 -0.6851	  1.9142	 0.0890	r	PC
 4.00	  6600	 0.0	 2.0	  0.1137	  0.5223	 -0.4781	  1.5411	 0.0969	r	PC
 4.50	  6600	 0.0	 2.0	  0.1125	  0.5119	 -0.3985	  1.3779	 0.0517	r	PC
 5.00	  6600	 0.0	 2.0	  0.1112	  0.5077	 -0.2943	  1.1876	 0.0353	r	PC
 5.50	  6600	 0.0	 2.0	  0.0691	  0.5516	 -0.2454	  1.0720	 0.0339	r	PC
 6.00	  6600	 0.0	 2.0	  0.0548	  0.5669	 -0.2039	  0.9907	 0.0407	r	PC
 2.50	  6700	 0.0	 2.0	  0.0147	  0.6713	 -1.0598	  2.6387	 0.1270	r	PC
 3.00	  6700	 0.0	 2.0	  0.0253	  0.6532	 -0.8852	  2.2773	 0.1483	r	PC
 3.50	  6700	 0.0	 2.0	  0.0979	  0.5375	 -0.7099	  1.9450	 0.0891	r	PC
 4.00	  6700	 0.0	 2.0	  0.1073	  0.5245	 -0.5060	  1.5806	 0.0973	r	PC
 4.50	  6700	 0.0	 2.0	  0.1084	  0.5113	 -0.4217	  1.4099	 0.0521	r	PC
 5.00	  6700	 0.0	 2.0	  0.1076	  0.5062	 -0.3081	  1.2032	 0.0353	r	PC
 5.50	  6700	 0.0	 2.0	  0.0645	  0.5510	 -0.2539	  1.0778	 0.0342	r	PC
 6.00	  6700	 0.0	 2.0	  0.0479	  0.5683	 -0.2158	  1.0003	 0.0411	r	PC
 2.50	  6800	 0.0	 2.0	 -0.0031	  0.6840	 -1.1020	  2.6978	 0.1308	r	PC
 3.00	  6800	 0.0	 2.0	  0.0158	  0.6587	 -0.9066	  2.3030	 0.1487	r	PC
 3.50	  6800	 0.0	 2.0	  0.0874	  0.5443	 -0.7299	  1.9685	 0.0900	r	PC
 4.00	  6800	 0.0	 2.0	  0.1002	  0.5275	 -0.5355	  1.6223	 0.0977	r	PC
 4.50	  6800	 0.0	 2.0	  0.1050	  0.5100	 -0.4397	  1.4336	 0.0523	r	PC
 5.00	  6800	 0.0	 2.0	  0.1047	  0.5043	 -0.3201	  1.2167	 0.0355	r	PC
 5.50	  6800	 0.0	 2.0	  0.0603	  0.5501	 -0.2620	  1.0833	 0.0347	r	PC
 6.00	  6800	 0.0	 2.0	  0.0420	  0.5688	 -0.2259	  1.0077	 0.0413	r	PC
 2.50	  6900	 0.0	 2.0	 -0.0117	  0.6895	 -1.1182	  2.7144	 0.1292	r	PC
 3.00	  6900	 0.0	 2.0	  0.0048	  0.6664	 -0.9290	  2.3307	 0.1503	r	PC
 3.50	  6900	 0.0	 2.0	  0.0816	  0.5478	 -0.7399	  1.9786	 0.0896	r	PC
 4.00	  6900	 0.0	 2.0	  0.0927	  0.5310	 -0.5605	  1.6557	 0.0981	r	PC
 4.50	  6900	 0.0	 2.0	  0.1018	  0.5085	 -0.4553	  1.4533	 0.0524	r	PC
 5.00	  6900	 0.0	 2.0	  0.1009	  0.5038	 -0.3306	  1.2274	 0.0356	r	PC
 5.50	  6900	 0.0	 2.0	  0.0572	  0.5485	 -0.2690	  1.0882	 0.0351	r	PC
 6.00	  6900	 0.0	 2.0	  0.0372	  0.5681	 -0.2347	  1.0137	 0.0417	r	PC
 2.50	  7000	 0.0	 2.0	 -0.0212	  0.6989	 -1.1258	  2.7172	 0.1285	r	PC
 3.00	  7000	 0.0	 2.0	 -0.0045	  0.6714	 -0.9488	  2.3535	 0.1506	r	PC
 3.50	  7000	 0.0	 2.0	  0.0727	  0.5527	 -0.7579	  1.9990	 0.0897	r	PC
 4.00	  7000	 0.0	 2.0	  0.0846	  0.5354	 -0.5819	  1.6831	 0.0986	r	PC
 4.50	  7000	 0.0	 2.0	  0.0971	  0.5093	 -0.4659	  1.4641	 0.0524	r	PC
 5.00	  7000	 0.0	 2.0	  0.0974	  0.5031	 -0.3385	  1.2343	 0.0354	r	PC
 5.50	  7000	 0.0	 2.0	  0.0535	  0.5475	 -0.2767	  1.0940	 0.0355	r	PC
 6.00	  7000	 0.0	 2.0	  0.0329	  0.5674	 -0.2426	  1.0190	 0.0420	r	PC
 2.50	  7200	 0.0	 2.0	 -0.0459	  0.7166	 -1.1741	  2.7759	 0.1303	r	PC
 3.00	  7200	 0.0	 2.0	 -0.0275	  0.6869	 -0.9955	  2.4107	 0.1525	r	PC
 3.50	  7200	 0.0	 2.0	  0.0542	  0.5631	 -0.7926	  2.0374	 0.0907	r	PC
 4.00	  7200	 0.0	 2.0	  0.0644	  0.5468	 -0.6262	  1.7362	 0.0999	r	PC
 4.50	  7200	 0.0	 2.0	  0.0877	  0.5097	 -0.4865	  1.4844	 0.0528	r	PC
 5.00	  7200	 0.0	 2.0	  0.0908	  0.5001	 -0.3541	  1.2469	 0.0353	r	PC
 5.50	  7200	 0.0	 2.0	  0.0484	  0.5436	 -0.2973	  1.1162	 0.0359	r	PC
 6.00	  7200	 0.0	 2.0	  0.0263	  0.5643	 -0.2553	  1.0261	 0.0426	r	PC
 2.50	  7400	 0.0	 2.0	 -0.0670	  0.7326	 -1.2097	  2.8157	 0.1297	r	PC
 3.00	  7400	 0.0	 2.0	 -0.0486	  0.7018	 -1.0321	  2.4517	 0.1525	r	PC
 3.50	  7400	 0.0	 2.0	  0.0339	  0.5757	 -0.8348	  2.0875	 0.0905	r	PC
 4.00	  7400	 0.0	 2.0	  0.0498	  0.5539	 -0.6537	  1.7649	 0.1004	r	PC
 4.50	  7400	 0.0	 2.0	  0.0454	  0.5406	 -0.5503	  1.5515	 0.0530	r	PC
 5.00	  7400	 0.0	 2.0	  0.0822	  0.5013	 -0.3703	  1.2610	 0.0354	r	PC
 5.50	  7400	 0.0	 2.0	  0.0425	  0.5414	 -0.3368	  1.1709	 0.0362	r	PC
 6.00	  7400	 0.0	 2.0	  0.0206	  0.5611	 -0.2660	  1.0313	 0.0429	r	PC
 2.50	  7600	 0.0	 2.0	 -0.0884	  0.7481	 -1.2540	  2.8721	 0.1300	r	PC
 3.00	  7600	 0.0	 2.0	 -0.0712	  0.7171	 -1.0784	  2.5089	 0.1523	r	PC
 3.50	  7600	 0.0	 2.0	  0.0139	  0.5877	 -0.8829	  2.1485	 0.0908	r	PC
 4.00	  7600	 0.0	 2.0	  0.0041	  0.5930	 -0.7260	  1.8475	 0.0997	r	PC
 4.50	  7600	 0.0	 2.0	  0.0324	  0.5657	 -0.5302	  1.5267	 0.1105	r	PC
 5.00	  7600	 0.0	 2.0	  0.0738	  0.5012	 -0.3866	  1.2750	 0.0347	r	PC
 5.50	  7600	 0.0	 2.0	  0.0372	  0.5389	 -0.3631	  1.2036	 0.0366	r	PC
 6.00	  7600	 0.0	 2.0	  0.0152	  0.5587	 -0.2770	  1.0381	 0.0438	r	PC
 2.50	  7800	 0.0	 2.0	 -0.1083	  0.7626	 -1.2804	  2.8923	 0.1243	r	PC
 3.00	  7800	 0.0	 2.0	 -0.0911	  0.7299	 -1.1254	  2.5701	 0.1510	r	PC
 3.50	  7800	 0.0	 2.0	 -0.0175	  0.6089	 -0.9623	  2.2531	 0.0884	r	PC
 4.00	  7800	 0.0	 2.0	  0.0125	  0.5769	 -0.7212	  1.8391	 0.0990	r	PC
 4.50	  7800	 0.0	 2.0	  0.0189	  0.5702	 -0.5635	  1.5655	 0.1114	r	PC
 5.00	  7800	 0.0	 2.0	  0.0632	  0.5035	 -0.4251	  1.3253	 0.0340	r	PC
 5.50	  7800	 0.0	 2.0	  0.0320	  0.5360	 -0.3772	  1.2160	 0.0357	r	PC
 6.00	  7800	 0.0	 2.0	  0.0108	  0.5553	 -0.2860	  1.0425	 0.0435	r	PC
 2.50	  8000	 0.0	 2.0	 -0.1246	  0.7720	 -1.3312	  2.9692	 0.1267	r	PC
 3.00	  8000	 0.0	 2.0	 -0.1090	  0.7408	 -1.1651	  2.6208	 0.1505	r	PC
 3.50	  8000	 0.0	 2.0	 -0.0253	  0.6098	 -0.9976	  2.3043	 0.0862	r	PC
 4.00	  8000	 0.0	 2.0	 -0.0028	  0.5819	 -0.7595	  1.8850	 0.0984	r	PC
 4.50	  8000	 0.0	 2.0	  0.0044	  0.5756	 -0.6231	  1.6492	 0.1116	r	PC
 5.00	  8000	 0.0	 2.0	  0.0522	  0.5065	 -0.4685	  1.3842	 0.0328	r	PC
 5.50	  8000	 0.0	 2.0	  0.0173	  0.5274	 -0.3979	  1.2201	 0.0273	r	PC
 6.00	  8000	 0.0	 2.0	  0.0052	  0.5538	 -0.3052	  1.0643	 0.0421	r	PC
 2.50	  8200	 0.0	 2.0	 -0.1454	  0.7923	 -1.3686	  3.0291	 0.1358	r	PC
 3.00	  8200	 0.0	 2.0	 -0.1258	  0.7503	 -1.2027	  2.6690	 0.1513	r	PC
 3.50	  8200	 0.0	 2.0	 -0.1104	  0.7230	 -1.0428	  2.3628	 0.1704	r	PC
 4.00	  8200	 0.0	 2.0	 -0.0182	  0.5859	 -0.8297	  1.9852	 0.0969	r	PC
 4.50	  8200	 0.0	 2.0	 -0.0097	  0.5788	 -0.6716	  1.7119	 0.1111	r	PC
 5.00	  8200	 0.0	 2.0	  0.0406	  0.5066	 -0.5016	  1.4215	 0.0321	r	PC
 5.50	  8200	 0.0	 2.0	  0.0105	  0.5277	 -0.4083	  1.2269	 0.0258	r	PC
 6.00	  8200	 0.0	 2.0	 -0.0023	  0.5551	 -0.3364	  1.1059	 0.0414	r	PC
 2.50	  8400	 0.0	 2.0	 -0.1567	  0.8007	 -1.4151	  3.1148	 0.1422	r	PC
 3.00	  8400	 0.0	 2.0	 -0.1370	  0.7544	 -1.2507	  2.7421	 0.1533	r	PC
 3.50	  8400	 0.0	 2.0	 -0.1230	  0.7266	 -1.0734	  2.3989	 0.1706	r	PC
 4.00	  8400	 0.0	 2.0	 -0.0311	  0.5882	 -0.8759	  2.0464	 0.0950	r	PC
 4.50	  8400	 0.0	 2.0	 -0.0231	  0.5808	 -0.7008	  1.7420	 0.1103	r	PC
 5.00	  8400	 0.0	 2.0	  0.0284	  0.5091	 -0.5241	  1.4424	 0.0309	r	PC
 5.50	  8400	 0.0	 2.0	  0.0111	  0.5224	 -0.4085	  1.2238	 0.0234	r	PC
 6.00	  8400	 0.0	 2.0	 -0.0049	  0.5495	 -0.3580	  1.1328	 0.0388	r	PC
 2.50	  8600	 0.0	 2.0	 -0.1698	  0.8155	 -1.4367	  3.1536	 0.1480	r	PC
 3.00	  8600	 0.0	 2.0	 -0.1462	  0.7587	 -1.3007	  2.8241	 0.1571	r	PC
 3.50	  8600	 0.0	 2.0	 -0.1332	  0.7289	 -1.1163	  2.4611	 0.1734	r	PC
 4.00	  8600	 0.0	 2.0	 -0.0448	  0.5898	 -0.9161	  2.0938	 0.0933	r	PC
 4.50	  8600	 0.0	 2.0	 -0.0370	  0.5844	 -0.7254	  1.7651	 0.1088	r	PC
 5.00	  8600	 0.0	 2.0	  0.0156	  0.5117	 -0.5447	  1.4590	 0.0294	r	PC
 5.50	  8600	 0.0	 2.0	  0.0335	  0.4916	 -0.3845	  1.1915	 0.0187	r	PC
 6.00	  8600	 0.0	 2.0	 -0.0074	  0.5437	 -0.3659	  1.1371	 0.0354	r	PC
 2.50	  8800	 0.0	 2.0	 -0.1885	  0.8418	 -1.4567	  3.1958	 0.1560	r	PC
 3.00	  8800	 0.0	 2.0	 -0.1549	  0.7652	 -1.3259	  2.8651	 0.1625	r	PC
 3.50	  8800	 0.0	 2.0	 -0.1410	  0.7309	 -1.1817	  2.5683	 0.1764	r	PC
 4.00	  8800	 0.0	 2.0	 -0.0534	  0.5901	 -0.9407	  2.1231	 0.0920	r	PC
 4.50	  8800	 0.0	 2.0	 -0.0475	  0.5843	 -0.7495	  1.7889	 0.1074	r	PC
 5.00	  8800	 0.0	 2.0	 -0.0231	  0.5531	 -0.5651	  1.4747	 0.0745	r	PC
 5.50	  8800	 0.0	 2.0	  0.0234	  0.4912	 -0.3995	  1.2004	 0.0162	r	PC
 6.00	  8800	 0.0	 2.0	 -0.0104	  0.5377	 -0.3712	  1.1360	 0.0322	r	PC
 2.50	  9000	 0.0	 2.0	 -0.2077	  0.8701	 -1.4807	  3.2489	 0.1636	r	PC
 3.00	  9000	 0.0	 2.0	 -0.1674	  0.7809	 -1.3597	  2.9260	 0.1681	r	PC
 3.50	  9000	 0.0	 2.0	 -0.1469	  0.7326	 -1.2031	  2.5995	 0.1796	r	PC
 4.00	  9000	 0.0	 2.0	 -0.0574	  0.5860	 -0.9831	  2.1868	 0.0919	r	PC
 4.50	  9000	 0.0	 2.0	 -0.0556	  0.5810	 -0.8157	  1.8863	 0.1062	r	PC
 5.00	  9000	 0.0	 2.0	 -0.0304	  0.5484	 -0.5840	  1.4906	 0.0740	r	PC
 5.50	  9000	 0.0	 2.0	  0.0105	  0.4946	 -0.4309	  1.2362	 0.0135	r	PC
 6.00	  9000	 0.0	 2.0	 -0.0114	  0.5293	 -0.3717	  1.1280	 0.0273	r	PC
 2.50	  9200	 0.0	 2.0	 -0.2305	  0.9046	 -1.4909	  3.2724	 0.1720	r	PC
 3.00	  9200	 0.0	 2.0	 -0.1793	  0.7967	 -1.3912	  2.9833	 0.1726	r	PC
 3.50	  9200	 0.0	 2.0	 -0.1547	  0.7397	 -1.2152	  2.6160	 0.1833	r	PC
 4.00	  9200	 0.0	 2.0	 -0.0629	  0.5871	 -1.0295	  2.2603	 0.0921	r	PC
 4.50	  9200	 0.0	 2.0	 -0.0614	  0.5798	 -0.8582	  1.9491	 0.1051	r	PC
 5.00	  9200	 0.0	 2.0	 -0.0404	  0.5501	 -0.6414	  1.5740	 0.0730	r	PC
 5.50	  9200	 0.0	 2.0	 -0.0003	  0.4945	 -0.4888	  1.3170	 0.0109	r	PC
 6.00	  9200	 0.0	 2.0	 -0.0085	  0.5141	 -0.3681	  1.1132	 0.0213	r	PC
 2.50	  9400	 0.0	 2.0	 -0.2578	  0.9463	 -1.5061	  3.3082	 0.1814	r	PC
 3.00	  9400	 0.0	 2.0	 -0.1951	  0.8194	 -1.4075	  3.0120	 0.1791	r	PC
 3.50	  9400	 0.0	 2.0	 -0.1649	  0.7525	 -1.2361	  2.6505	 0.1872	r	PC
 4.00	  9400	 0.0	 2.0	 -0.0671	  0.5883	 -1.0532	  2.2964	 0.0920	r	PC
 4.50	  9400	 0.0	 2.0	 -0.0654	  0.5783	 -0.8769	  1.9733	 0.1046	r	PC
 5.00	  9400	 0.0	 2.0	 -0.0474	  0.5481	 -0.6857	  1.6359	 0.0728	r	PC
 5.50	  9400	 0.0	 2.0	 -0.0085	  0.4940	 -0.5122	  1.3433	 0.0093	r	PC
 6.00	  9400	 0.0	 2.0	 -0.0136	  0.5034	 -0.3709	  1.1012	 0.0130	r	PC
 2.50	  9600	 0.0	 2.0	 -0.2875	  0.9916	 -1.5223	  3.3451	 0.1914	r	PC
 3.00	  9600	 0.0	 2.0	 -0.2136	  0.8458	 -1.4194	  3.0316	 0.1865	r	PC
 3.50	  9600	 0.0	 2.0	 -0.1754	  0.7662	 -1.2714	  2.7117	 0.1911	r	PC
 4.00	  9600	 0.0	 2.0	 -0.0718	  0.5917	 -1.0642	  2.3114	 0.0929	r	PC
 4.50	  9600	 0.0	 2.0	 -0.0701	  0.5815	 -0.8866	  1.9856	 0.1035	r	PC
 5.00	  9600	 0.0	 2.0	 -0.0536	  0.5496	 -0.7030	  1.6567	 0.0727	r	PC
 5.50	  9600	 0.0	 2.0	 -0.0271	  0.5116	 -0.5249	  1.3531	 0.0245	r	PC
 6.00	  9600	 0.0	 2.0	 -0.0094	  0.4911	 -0.3660	  1.0890	 0.0091	r	PC
 2.50	  9800	 0.0	 2.0	 -0.3224	  1.0439	 -1.5347	  3.3704	 0.2032	r	PC
 3.00	  9800	 0.0	 2.0	 -0.2353	  0.8775	 -1.4342	  3.0569	 0.1953	r	PC
 3.50	  9800	 0.0	 2.0	 -0.1902	  0.7869	 -1.2975	  2.7562	 0.1973	r	PC
 4.00	  9800	 0.0	 2.0	 -0.0789	  0.5999	 -1.0725	  2.3226	 0.0946	r	PC
 4.50	  9800	 0.0	 2.0	 -0.0760	  0.5849	 -0.8959	  1.9952	 0.1045	r	PC
 5.00	  9800	 0.0	 2.0	 -0.0589	  0.5514	 -0.7126	  1.6664	 0.0733	r	PC
 5.50	  9800	 0.0	 2.0	 -0.0350	  0.5127	 -0.5380	  1.3632	 0.0257	r	PC
 6.00	  9800	 0.0	 2.0	 -0.0177	  0.4920	 -0.3756	  1.0932	 0.0077	r	PC
 2.50	 10000	 0.0	 2.0	 -0.1829	  0.8200	 -1.5467	  3.3933	 0.0955	r	PC
 3.00	 10000	 0.0	 2.0	 -0.2578	  0.9098	 -1.4564	  3.0955	 0.2034	r	PC
 3.50	 10000	 0.0	 2.0	 -0.1129	  0.6646	 -1.3128	  2.7805	 0.1017	r	PC
 4.00	 10000	 0.0	 2.0	 -0.0883	  0.6122	 -1.0798	  2.3323	 0.0971	r	PC
 4.50	 10000	 0.0	 2.0	 -0.0820	  0.5909	 -0.9032	  2.0042	 0.1055	r	PC
 5.00	 10000	 0.0	 2.0	 -0.0649	  0.5559	 -0.7206	  1.6747	 0.0746	r	PC
 5.50	 10000	 0.0	 2.0	 -0.0415	  0.5158	 -0.5460	  1.3694	 0.0270	r	PC
 6.00	 10000	 0.0	 2.0	 -0.0241	  0.4927	 -0.3830	  1.0963	 0.0074	r	PC
 2.50	 10200	 0.0	 2.0	 -0.2113	  0.8602	 -1.5630	  3.4257	 0.1064	r	PC
 3.00	 10200	 0.0	 2.0	 -0.1544	  0.7444	 -1.4829	  3.1415	 0.1008	r	PC
 3.50	 10200	 0.0	 2.0	 -0.1265	  0.6833	 -1.3255	  2.8000	 0.1070	r	PC
 4.00	 10200	 0.0	 2.0	 -0.0969	  0.6233	 -1.0874	  2.3427	 0.0995	r	PC
 4.50	 10200	 0.0	 2.0	 -0.0887	  0.5987	 -0.9096	  2.0120	 0.1072	r	PC
 5.00	 10200	 0.0	 2.0	 -0.0714	  0.5621	 -0.7274	  1.6820	 0.0765	r	PC
 5.50	 10200	 0.0	 2.0	 -0.0481	  0.5203	 -0.5534	  1.3758	 0.0288	r	PC
 6.00	 10200	 0.0	 2.0	 -0.0316	  0.4956	 -0.3929	  1.1037	 0.0080	r	PC
 2.50	 10400	 0.0	 2.0	 -0.2395	  0.8992	 -1.5800	  3.4575	 0.1175	r	PC
 3.00	 10400	 0.0	 2.0	 -0.1745	  0.7711	 -1.5047	  3.1768	 0.1094	r	PC
 3.50	 10400	 0.0	 2.0	 -0.1407	  0.7022	 -1.3369	  2.8160	 0.1121	r	PC
 4.00	 10400	 0.0	 2.0	 -0.1071	  0.6368	 -1.0963	  2.3553	 0.1032	r	PC
 4.50	 10400	 0.0	 2.0	 -0.0961	  0.6081	 -0.9163	  2.0208	 0.1095	r	PC
 5.00	 10400	 0.0	 2.0	 -0.0784	  0.5699	 -0.7332	  1.6884	 0.0794	r	PC
 5.50	 10400	 0.0	 2.0	 -0.0547	  0.5260	 -0.5599	  1.3819	 0.0308	r	PC
 6.00	 10400	 0.0	 2.0	 -0.0401	  0.5005	 -0.4096	  1.1226	 0.0088	r	PC
 2.50	 10600	 0.0	 2.0	 -0.2647	  0.9332	 -1.5952	  3.4826	 0.1278	r	PC
 3.00	 10600	 0.0	 2.0	 -0.1948	  0.7974	 -1.5222	  3.2026	 0.1182	r	PC
 3.50	 10600	 0.0	 2.0	 -0.1565	  0.7227	 -1.3485	  2.8314	 0.1188	r	PC
 4.00	 10600	 0.0	 2.0	 -0.1186	  0.6520	 -1.1067	  2.3698	 0.1079	r	PC
 4.50	 10600	 0.0	 2.0	 -0.1043	  0.6187	 -0.9235	  2.0304	 0.1125	r	PC
 5.00	 10600	 0.0	 2.0	 -0.0858	  0.5789	 -0.7391	  1.6954	 0.0830	r	PC
 5.50	 10600	 0.0	 2.0	 -0.0614	  0.5327	 -0.5657	  1.3876	 0.0332	r	PC
 6.00	 10600	 0.0	 2.0	 -0.0463	  0.5048	 -0.4294	  1.1504	 0.0099	r	PC
 2.50	 10800	 0.0	 2.0	 -0.2884	  0.9643	 -1.6102	  3.5055	 0.1385	r	PC
 3.00	 10800	 0.0	 2.0	 -0.2142	  0.8216	 -1.5386	  3.2255	 0.1276	r	PC
 3.50	 10800	 0.0	 2.0	 -0.1726	  0.7429	 -1.3618	  2.8494	 0.1261	r	PC
 4.00	 10800	 0.0	 2.0	 -0.1306	  0.6673	 -1.1304	  2.4073	 0.1128	r	PC
 4.50	 10800	 0.0	 2.0	 -0.1133	  0.6302	 -0.9305	  2.0394	 0.1162	r	PC
 5.00	 10800	 0.0	 2.0	 -0.0937	  0.5890	 -0.7451	  1.7029	 0.0875	r	PC
 5.50	 10800	 0.0	 2.0	 -0.0683	  0.5404	 -0.5713	  1.3934	 0.0361	r	PC
 6.00	 10800	 0.0	 2.0	 -0.0523	  0.5099	 -0.4450	  1.1721	 0.0111	r	PC
 2.50	 11000	 0.0	 2.0	 -0.3090	  0.9904	 -1.6249	  3.5266	 0.1485	r	PC
 3.00	 11000	 0.0	 2.0	 -0.2318	  0.8423	 -1.5554	  3.2486	 0.1363	r	PC
 3.50	 11000	 0.0	 2.0	 -0.1877	  0.7607	 -1.3830	  2.8812	 0.1332	r	PC
 4.00	 11000	 0.0	 2.0	 -0.1432	  0.6827	 -1.1734	  2.4787	 0.1186	r	PC
 4.50	 11000	 0.0	 2.0	 -0.1227	  0.6421	 -0.9490	  2.0681	 0.1204	r	PC
 5.00	 11000	 0.0	 2.0	 -0.1021	  0.5997	 -0.7505	  1.7092	 0.0928	r	PC
 5.50	 11000	 0.0	 2.0	 -0.0754	  0.5486	 -0.5769	  1.3998	 0.0395	r	PC
 6.00	 11000	 0.0	 2.0	 -0.0582	  0.5153	 -0.4570	  1.1881	 0.0122	r	PC
 2.50	 11200	 0.0	 2.0	 -0.3270	  1.0124	 -1.6390	  3.5469	 0.1576	r	PC
 3.00	 11200	 0.0	 2.0	 -0.2471	  0.8592	 -1.5735	  3.2743	 0.1447	r	PC
 3.50	 11200	 0.0	 2.0	 -0.2024	  0.7772	 -1.4211	  2.9443	 0.1414	r	PC
 4.00	 11200	 0.0	 2.0	 -0.1561	  0.6978	 -1.2084	  2.5353	 0.1253	r	PC
 4.50	 11200	 0.0	 2.0	 -0.1326	  0.6540	 -1.0000	  2.1531	 0.1250	r	PC
 5.00	 11200	 0.0	 2.0	 -0.1108	  0.6107	 -0.7573	  1.7179	 0.0989	r	PC
 5.50	 11200	 0.0	 2.0	 -0.0680	  0.5349	 -0.5819	  1.4053	 0.0175	r	PC
 6.00	 11200	 0.0	 2.0	 -0.0656	  0.5269	 -0.4714	  1.2120	 0.0130	r	PC
 2.50	 11400	 0.0	 2.0	 -0.3437	  1.0327	 -1.6524	  3.5678	 0.1660	r	PC
 3.00	 11400	 0.0	 2.0	 -0.2611	  0.8734	 -1.5970	  3.3110	 0.1530	r	PC
 3.50	 11400	 0.0	 2.0	 -0.2106	  0.7794	 -1.4195	  2.9275	 0.1514	r	PC
 4.00	 11400	 0.0	 2.0	 -0.1675	  0.7097	 -1.2233	  2.5551	 0.1317	r	PC
 4.50	 11400	 0.0	 2.0	 -0.1425	  0.6652	 -1.0332	  2.2063	 0.1299	r	PC
 5.00	 11400	 0.0	 2.0	 -0.1191	  0.6209	 -0.7657	  1.7292	 0.1047	r	PC
 5.50	 11400	 0.0	 2.0	 -0.0755	  0.5477	 -0.5862	  1.4130	 0.0185	r	PC
 6.00	 11400	 0.0	 2.0	 -0.0710	  0.5324	 -0.4792	  1.2218	 0.0138	r	PC
 2.50	 11600	 0.0	 2.0	 -0.3574	  1.0486	 -1.6645	  3.5883	 0.1738	r	PC
 3.00	 11600	 0.0	 2.0	 -0.2726	  0.8836	 -1.6232	  3.3539	 0.1613	r	PC
 3.50	 11600	 0.0	 2.0	 -0.2206	  0.7875	 -1.4445	  2.9651	 0.1580	r	PC
 4.00	 11600	 0.0	 2.0	 -0.1726	  0.7060	 -1.2248	  2.5447	 0.1422	r	PC
 4.50	 11600	 0.0	 2.0	 -0.1514	  0.6742	 -1.0463	  2.2237	 0.1344	r	PC
 5.00	 11600	 0.0	 2.0	 -0.1210	  0.6129	 -0.7707	  1.7269	 0.1166	r	PC
 5.50	 11600	 0.0	 2.0	 -0.0792	  0.5472	 -0.5941	  1.4200	 0.0209	r	PC
 6.00	 11600	 0.0	 2.0	 -0.0760	  0.5375	 -0.4897	  1.2364	 0.0144	r	PC
 2.50	 11800	 0.0	 2.0	 -0.3692	  1.0623	 -1.6755	  3.6082	 0.1802	r	PC
 3.00	 11800	 0.0	 2.0	 -0.2821	  0.8919	 -1.6441	  3.3867	 0.1675	r	PC
 3.50	 11800	 0.0	 2.0	 -0.2348	  0.8054	 -1.4938	  3.0528	 0.1622	r	PC
 4.00	 11800	 0.0	 2.0	 -0.1807	  0.7118	 -1.2410	  2.5658	 0.1484	r	PC
 4.50	 11800	 0.0	 2.0	 -0.1600	  0.6820	 -1.0572	  2.2365	 0.1399	r	PC
 5.00	 11800	 0.0	 2.0	 -0.1273	  0.6181	 -0.7782	  1.7349	 0.1231	r	PC
 5.50	 11800	 0.0	 2.0	 -0.0860	  0.5588	 -0.6007	  1.4316	 0.0219	r	PC
 6.00	 11800	 0.0	 2.0	 -0.0801	  0.5414	 -0.4934	  1.2397	 0.0147	r	PC
 2.50	 12000	 0.0	 2.0	 -0.3803	  1.0755	 -1.6849	  3.6258	 0.1865	r	PC
 3.00	 12000	 0.0	 2.0	 -0.2898	  0.8973	 -1.6622	  3.4138	 0.1738	r	PC
 3.50	 12000	 0.0	 2.0	 -0.2420	  0.8091	 -1.5104	  3.0750	 0.1682	r	PC
 4.00	 12000	 0.0	 2.0	 -0.1877	  0.7156	 -1.2550	  2.5828	 0.1543	r	PC
 4.50	 12000	 0.0	 2.0	 -0.1673	  0.6871	 -1.0675	  2.2479	 0.1440	r	PC
 5.00	 12000	 0.0	 2.0	 -0.1328	  0.6215	 -0.7894	  1.7487	 0.1291	r	PC
 5.50	 12000	 0.0	 2.0	 -0.0904	  0.5624	 -0.6154	  1.4531	 0.0237	r	PC
 6.00	 12000	 0.0	 2.0	 -0.0841	  0.5447	 -0.5039	  1.2541	 0.0150	r	PC

